PSRJ,FREQ,FLUX,FLUX_ERR
J0014+4746,4850,0.46,0.1
J0014+4746,1700,2.28,0.2
J0014+4746,1400,2.8,1.3
J0014+4746,600,8.8,2.1
J0014+4746,400,14.3,2.3
J0034-0721,4850,1.85,0
J0034-0721,1400,2,0
J0034-0721,10700,0.22,0.09
J0034-0721,2700,5.8,0.6
J0034-0721,1400,10.8,3.4
J0034-0721,400,51.5,12
J0034-0721,600,50.8,19.3
J0034-0721,100,400,70
J0034-0721,60,460,100
J0034-0721,90,740,160
J0034-0721,40,490,210
J0040+5716,1400,0.6,0
J0040+5716,4850,0.08,0.01
J0040+5716,1400,0.6,0.1
J0040+5716,1600,0.6,0.1
J0040+5716,600,2.9,0.1
J0040+5716,400,7.5,0.5
J0040+5716,100,24,15
J0048+3412,1400,0.1,0.03
J0048+3412,600,1.1,0.3
J0048+3412,400,2.3,0.3
J0055+5117,4850,0.1,0
J0055+5117,1400,1,0
J0055+5117,1700,1.75,0
J0055+5117,1400,1.5,0.2
J0055+5117,600,2.8,0.3
J0055+5117,400,3.4,0.4
J0055+5117,100,23,12
J0056+4756,4850,0.06,0.01
J0056+4756,400,3,0.5
J0056+4756,600,1.9,0.6
J0056+4756,100,80,26
J0102+6537,1600,0.8,0.2
J0102+6537,1400,1.2,0.2
J0102+6537,1400,1.1,0.33
J0102+6537,600,3.4,0.4
J0102+6537,400,8.5,0.8
J0102+6537,100,77,42
J0108+6608,1400,0.9,0.2
J0108+6608,600,4.1,0.3
J0108+6608,400,9.8,1
J0108+6608,100,30,10
J0108+6905,1400,0.4,0.1
J0108+6905,1400,0.5,0.15
J0108+6905,400,3.7,0.4
J0108+6905,600,2.1,0.7
J0117+5914,1400,0.3,0.1
J0117+5914,600,2.6,0.2
J0117+5914,900,1.5,0.5
J0117+5914,400,7.6,0.6
J0139+5814,10500,0.07,0
J0139+5814,8500,0.43,0
J0139+5814,2300,1.45,0
J0139+5814,1400,7.4,0
J0139+5814,4850,0.2,0.09
J0139+5814,1600,4.5,0.4
J0139+5814,1400,4.6,0.4
J0139+5814,600,15.4,0.7
J0139+5814,900,10.9,0.8
J0139+5814,400,27.7,2.2
J0139+5814,100,181,85
J0141+6009,4850,0.31,0
J0141+6009,1400,6.8,0
J0141+6009,1400,4.5,0.9
J0141+6009,600,22.5,1.9
J0141+6009,900,12.5,2.4
J0141+6009,400,49.2,5
J0141+6009,60,90,30
J0141+6009,100,140,30
J0141+6009,90,260,50
J0147+5922,1400,0.8,0
J0147+5922,14600,0.19,0.03
J0147+5922,10450,0.28,0.05
J0147+5922,4850,0.33,0.07
J0147+5922,2700,0.45,0.1
J0147+5922,8450,0.19,0.15
J0147+5922,1600,1.6,0.2
J0147+5922,600,3.4,0.2
J0147+5922,1400,2.1,0.3
J0147+5922,400,6.6,0.5
J0151-0635,1400,1.9,0
J0151-0635,1400,1.3,0.8
J0151-0635,600,9.6,1.8
J0151-0635,400,37.8,14.6
J0151-0635,100,109,55
J0152-1637,4850,0.16,0
J0152-1637,1400,2.3,0
J0152-1637,1400,1.5,0.4
J0152-1637,400,19.9,3.7
J0152-1637,600,14.8,6.2
J0152-1637,60,160,80
J0152-1637,40,130,120
J0152-1637,90,290,240
J0156+3949,600,1.6,0
J0156+3949,400,3.9,1
J0156+3949,100,20,20
J0157+6212,4850,0.03,0
J0157+6212,900,1.7,0.3
J0157+6212,1400,1.9,0.3
J0157+6212,600,4.3,0.3
J0157+6212,1400,2.88,0.46
J0157+6212,400,6.5,0.8
J0157+6212,100,52,20
J0231+7026,600,1.7,0
J0231+7026,1400,0.2,0.03
J0231+7026,1400,0.3,0.1
J0231+7026,400,2.4,0.2
J0231+7026,900,1.7,0.3
J0304+1932,4850,0.29,0.13
J0304+1932,2700,0.9,0.5
J0304+1932,1400,3.1,1.4
J0304+1932,400,27.2,2.8
J0304+1932,600,17.1,3
J0304+1932,900,15.6,6.5
J0304+1932,100,48,26
J0304+1932,60,40,30
J0304+1932,90,50,30
J0323+3944,4850,0.06,0
J0323+3944,1400,1.89,0
J0323+3944,1400,0.9,0.2
J0323+3944,900,2.1,0.9
J0323+3944,600,8.8,1.1
J0323+3944,400,33.8,7.3
J0323+3944,100,230,70
J0323+3944,60,230,120
J0332+5434,24000,0.09,0
J0332+5434,23050,0.3,0
J0332+5434,2700,16.46,0
J0332+5434,1700,39.4,0
J0332+5434,32000,0.15,0.02
J0332+5434,33900,0.16,0.02
J0332+5434,29300,0.12,0.03
J0332+5434,27900,0.25,0.05
J0332+5434,43000,0.15,0.06
J0332+5434,14600,0.5,0.1
J0332+5434,10550,1.63,0.22
J0332+5434,14800,0.98,0.6
J0332+5434,8500,2.72,1.35
J0332+5434,4850,10.57,6.65
J0332+5434,2300,27.99,11.17
J0332+5434,1400,203,56
J0332+5434,1400,131.49,57.7
J0332+5434,900,385,77
J0332+5434,90,970,140
J0332+5434,60,430,170
J0332+5434,400,1512,175
J0332+5434,600,1337,182
J0332+5434,100,517,223
J0332+5434,40,360,280
J0335+4555,1400,1.1,0
J0335+4555,1400,0.8,0.2
J0335+4555,900,1.8,0.3
J0335+4555,600,4.8,0.5
J0335+4555,400,6.4,1.6
J0335+4555,100,34,11
J0343+5312,1400,0.6,0
J0343+5312,1400,0.3,0.1
J0343+5312,600,1.1,0.1
J0343+5312,400,3.7,0.6
J0343+5312,100,50,26
J0357+5236,4850,0.15,0
J0357+5236,1400,1.6,0
J0357+5236,1600,1.5,0.2
J0357+5236,1400,1.9,0.2
J0357+5236,600,7.5,0.8
J0357+5236,400,12.2,2
J0357+5236,100,19,8
J0358+5413,24000,0.96,0
J0358+5413,1700,33.4,0
J0358+5413,43000,0.5,0.1
J0358+5413,87000,0.5,0.2
J0358+5413,34800,0.7,0.2
J0358+5413,23050,0.8,0.2
J0358+5413,29300,0.8,0.2
J0358+5413,32000,0.9,0.2
J0358+5413,33900,1.1,0.2
J0358+5413,14600,2,0.5
J0358+5413,10550,3.27,0.95
J0358+5413,2700,15,1
J0358+5413,8500,4.33,1.08
J0358+5413,4850,6.39,2.5
J0358+5413,900,15.7,3
J0358+5413,600,37.1,3.4
J0358+5413,1400,22.9,6.5
J0358+5413,400,46.2,6.7
J0358+5413,1400,34.6,11.2
J0358+5413,100,90,20
J0358+5413,90,70,50
J0406+6138,4850,0.29,0
J0406+6138,1400,1.8,0
J0406+6138,1400,2.8,0.2
J0406+6138,600,9.5,0.3
J0406+6138,400,14.6,1.3
J0415+6954,1400,0.4,0
J0415+6954,1400,0.5,0.1
J0415+6954,600,2.1,0.1
J0415+6954,400,6.4,0.3
J0415+6954,100,28,23
J0450-1248,1400,1.7,0
J0450-1248,1400,0.9,0.1
J0450-1248,600,6.2,0.4
J0450-1248,400,11,1
J0454+5543,14600,0.23,0
J0454+5543,10550,0.3,0
J0454+5543,4850,1.24,0.07
J0454+5543,1600,5,1.4
J0454+5543,1400,12.9,2.6
J0454+5543,600,27.5,2.6
J0454+5543,900,21,3.4
J0454+5543,1400,15.6,8.97
J0454+5543,400,58.7,9.1
J0454+5543,100,150,60
J0452-1759,4850,0.89,0.1
J0452-1759,2700,3.5,0.7
J0452-1759,1400,5.3,0.8
J0452-1759,600,65.1,4.2
J0452-1759,400,82.4,10
J0502+4654,4850,0.14,0
J0502+4654,1400,1.2,0
J0502+4654,1400,2.5,0.1
J0502+4654,600,8.8,0.3
J0502+4654,900,5,0.5
J0502+4654,400,10.8,0.7
J0502+4654,100,40,20
J0525+1115,1400,1.6,0.1
J0525+1115,900,4.8,0.5
J0525+1115,600,9.2,0.5
J0525+1115,400,19.5,0.9
J0525+1115,100,119,25
J0525+1115,60,80,50
J0525+1115,90,110,60
J0528+2200,2300,1.97,0
J0528+2200,1700,8.8,0
J0528+2200,4850,0.57,0.44
J0528+2200,1400,8.5,1.7
J0528+2200,1600,6.6,1.8
J0528+2200,2700,5,2
J0528+2200,900,16.9,4.6
J0528+2200,400,57.4,5.3
J0528+2200,600,31.6,5.5
J0528+2200,1400,41.62,35.37
J0528+2200,60,150,40
J0528+2200,100,100,50
J0528+2200,90,350,90
J0534+2200,1400,24.6,0
J0534+2200,1400,14.4,3.2
J0534+2200,900,45.1,10
J0534+2200,600,210,36
J0534+2200,400,646,70
J0534+2200,100,10000,6000
J0543+2329,8500,0.87,0
J0543+2329,2300,14.84,0
J0543+2329,32000,0.07,0.02
J0543+2329,4850,2.8,0.5
J0543+2329,10550,1.05,0.82
J0543+2329,1400,8.9,1.2
J0543+2329,400,28.9,1.3
J0543+2329,600,25.9,1.4
J0543+2329,900,22.3,3.1
J0543+2329,1400,20.12,3.25
J0543+2329,100,44,16
J0601-0527,1400,2.6,0
J0601-0527,4850,0.3,0.04
J0601-0527,1400,2.5,0.1
J0601-0527,600,10.8,0.4
J0601-0527,400,22.7,0.9
J0601-0527,90,180,90
J0601-0527,100,280,100
J0612+3721,4850,0.12,0
J0612+3721,1700,0.39,0
J0612+3721,1400,1.7,0.7
J0612+3721,600,7.8,1.4
J0612+3721,400,15.5,1.4
J0612+3721,1400,4.4,2.4
J0614+2229,4850,0.31,0
J0614+2229,1400,1.5,0
J0614+2229,2700,0.4,0.1
J0614+2229,1600,1.6,0.1
J0614+2229,1400,2.2,0.1
J0614+2229,600,12.8,0.4
J0614+2229,900,5.5,0.8
J0614+2229,400,29.4,1.2
J0624-0424,1400,1.1,0
J0624-0424,600,4.4,0.4
J0624-0424,400,4.9,0.5
J0624-0424,1400,2.2,1.3
J0624-0424,100,100,60
J0629+2415,1400,3.03,0
J0629+2415,4850,1.07,0.28
J0629+2415,1400,3.2,0.4
J0629+2415,600,13.8,0.9
J0629+2415,400,31.1,1.7
J0629+2415,100,130,80
J0630-2834,8500,0.35,0
J0630-2834,4850,4.47,0
J0630-2834,2300,5.9,0
J0630-2834,1400,105.7,0
J0630-2834,10550,0.38,0.14
J0630-2834,1400,23.4,5.6
J0630-2834,600,106,9
J0630-2834,900,56.5,16
J0630-2834,400,205,21
J0630-2834,40,760,150
J0630-2834,100,970,190
J0630-2834,60,1250,250
J0630-2834,90,1370,350
J0653+8051,1400,4.3,0
J0653+8051,4850,0.06,0.01
J0653+8051,1400,0.4,0.1
J0653+8051,600,3.3,0.7
J0653+8051,400,6.5,0.8
J0653+8051,100,16,7
J0700+6418,1400,1.1,0
J0700+6418,1400,0.3,0.1
J0700+6418,600,2.1,0.5
J0700+6418,900,2.3,1
J0700+6418,400,5.2,1.1
J0659+1414,4850,0.6,0
J0659+1414,600,3.8,0.6
J0659+1414,400,6.5,0.6
J0659+1414,1400,3.7,0.8
J0659+1414,900,4.8,1.4
J0659+1414,100,55,29
J0659+1414,90,60,50
J0729-1836,1400,1.3,0
J0729-1836,1400,1.3,0.2
J0729-1836,900,2.9,0.4
J0729-1836,600,7.1,0.4
J0729-1836,400,11.2,0.7
J0742-2822,10550,0.65,0.08
J0742-2822,1400,20.9,0.28
J0742-2822,8500,1.07,0.39
J0742-2822,4850,2.44,0.69
J0742-2822,2300,5.11,1.47
J0742-2822,1400,23,2.5
J0742-2822,2700,10,3
J0742-2822,600,130,5
J0742-2822,900,58.6,5.6
J0742-2822,400,295,13
J0742-2822,100,300,150
J0754+3231,1400,0.9,0
J0754+3231,900,1.1,0
J0754+3231,4850,0.15,0.02
J0754+3231,1400,0.6,0.3
J0754+3231,600,3.1,0.4
J0754+3231,400,7.7,1
J0754+3231,100,49,20
J0758-1528,1400,1.4,0
J0758-1528,900,1.6,0.2
J0758-1528,4850,0.19,0.24
J0758-1528,600,3.7,0.3
J0758-1528,1400,2,0.4
J0758-1528,400,8.2,0.6
J0758-1528,100,60,24
J0814+7429,14600,0.2,0
J0814+7429,1700,10.7,0
J0814+7429,10550,0.53,0.13
J0814+7429,4850,2.6,0.2
J0814+7429,2700,5.2,0.4
J0814+7429,1400,10,1.3
J0814+7429,1400,9.04,3.17
J0814+7429,600,51,14.7
J0814+7429,400,78.8,15.1
J0814+7429,40,760,260
J0814+7429,100,1630,330
J0814+7429,60,1870,350
J0814+7429,90,1830,430
J0820-1350,1400,1.3,0
J0820-1350,4850,0.28,0.04
J0820-1350,2700,1.3,0.2
J0820-1350,1400,6.8,1.1
J0820-1350,900,14.4,1.9
J0820-1350,600,45,3.8
J0820-1350,400,101,5
J0820-1350,100,160,60
J0820-1350,90,270,90
J0823+0159,1400,5.3,0
J0823+0159,4850,0.07,0.01
J0823+0159,1400,1.5,0.7
J0823+0159,600,12,1.8
J0823+0159,400,30.2,4.8
J0823+0159,100,100,26
J0826+2637,8500,1.09,0
J0826+2637,2300,3.51,0
J0826+2637,1700,4.1,0
J0826+2637,14800,0.14,0.01
J0826+2637,10550,0.59,0.13
J0826+2637,4850,1.9,0.6
J0826+2637,2700,9,2
J0826+2637,1400,10,2.3
J0826+2637,600,62.4,9.1
J0826+2637,400,73.1,12.6
J0826+2637,900,36.1,13.8
J0826+2637,1400,25.62,28.43
J0826+2637,40,170,150
J0826+2637,60,770,150
J0826+2637,100,620,380
J0826+2637,90,1070,560
J0837+0610,1400,7,0
J0837+0610,4850,0.07,0.02
J0837+0610,2700,0.8,0.2
J0837+0610,1400,4.3,1.4
J0837+0610,900,5.3,1.5
J0837+0610,600,32.3,7
J0837+0610,400,89.2,13.8
J0837+0610,100,1040,320
J0837+0610,40,1350,320
J0837+0610,90,1580,320
J0837+0610,60,2090,420
J0855-3331,400,9.8,0
J0855-3331,1400,0.6,0.1
J0855-3331,600,4.6,0.3
J0908-1739,4850,0.44,0
J0908-1739,1400,6.1,0
J0908-1739,1400,3.2,0.7
J0908-1739,900,3.8,0.9
J0908-1739,400,16.1,1
J0908-1739,600,11,1.9
J0908-1739,60,30,20
J0908-1739,90,120,50
J0908-1739,100,320,150
J0921+6254,600,3.9,0
J0921+6254,1400,0.5,0.2
J0921+6254,400,4.6,1.1
J0922+0638,2300,1.49,0
J0922+0638,1700,3.2,0
J0922+0638,8500,0.25,0.04
J0922+0638,10550,0.16,0.05
J0922+0638,4850,0.63,0.19
J0922+0638,1400,4.2,0.9
J0922+0638,1400,6.25,1.2
J0922+0638,900,14.3,2
J0922+0638,600,27.3,3.3
J0922+0638,400,52.2,6.4
J0922+0638,100,128,63
J0922+0638,60,350,90
J0922+0638,90,770,160
J0922+0638,40,560,230
J0943+1631,1400,1.4,0
J0943+1631,1400,1.4,0.4
J0943+1631,600,4.9,1.3
J0943+1631,400,6.6,1.6
J0943+1631,100,190,120
J0944-1354,4850,0.04,0
J0944-1354,1400,2.9,0
J0944-1354,1400,0.6,0.2
J0944-1354,600,7.3,1.9
J0944-1354,400,25.9,4.4
J0944-1354,100,100,30
J0946+0951,1400,0.2,0
J0946+0951,600,0.9,0
J0946+0951,400,4.1,1.4
J0946+0951,100,440,90
J0946+0951,40,980,200
J0946+0951,90,1000,250
J0946+0951,60,1290,350
J0953+0755,10550,0.67,0.02
J0953+0755,8500,1.22,0.26
J0953+0755,4850,4.68,0.8
J0953+0755,2700,16.2,0.8
J0953+0755,2300,21.68,2.4
J0953+0755,1400,83.6,7.5
J0953+0755,1400,82.06,23.41
J0953+0755,900,259,47
J0953+0755,600,402,58
J0953+0755,400,447,155
J0953+0755,40,1660,330
J0953+0755,60,1070,400
J0953+0755,90,1820,510
J0953+0755,100,2030,2650
J1012-2337,600,1.9,0
J1012-2337,400,4.1,0.8
J1018-1642,1400,0.4,0
J1018-1642,1400,0.6,0.2
J1018-1642,600,2.6,0.2
J1018-1642,400,5.1,0.8
J1018-1642,100,220,120
J1041-1942,4850,0.48,0
J1041-1942,1400,1.5,0
J1041-1942,1400,4.2,1.3
J1041-1942,600,13.2,1.8
J1041-1942,900,9.7,3.6
J1041-1942,400,27.7,5.5
J1115+5030,1400,2.2,0
J1115+5030,4850,0.17,0.04
J1115+5030,600,3.8,0.6
J1115+5030,900,3.3,1
J1115+5030,1400,2.5,1.5
J1115+5030,400,12.3,1.8
J1115+5030,100,60,14
J1136+1551,14600,0.17,0
J1136+1551,24000,0.18,0
J1136+1551,14800,0.26,0
J1136+1551,32000,0.03,0.02
J1136+1551,10550,0.63,0.12
J1136+1551,8500,0.86,0.12
J1136+1551,2700,8.7,0.6
J1136+1551,4850,2.7,1.07
J1136+1551,2300,7.07,3.24
J1136+1551,1400,32.1,5
J1136+1551,900,36.9,10.5
J1136+1551,1600,50.7,15.2
J1136+1551,1400,24.92,15.33
J1136+1551,600,144,35
J1136+1551,400,256,53
J1136+1551,40,620,90
J1136+1551,90,770,130
J1136+1551,60,700,140
J1136+1551,100,1280,550
J1239+2453,24000,0.03,0
J1239+2453,10700,0.11,0.07
J1239+2453,2700,4.1,0.1
J1239+2453,4850,0.9,0.18
J1239+2453,2300,3.6,0.41
J1239+2453,1400,27.55,1.06
J1239+2453,1400,10,1.7
J1239+2453,1600,16.7,10.1
J1239+2453,600,46.8,11.7
J1239+2453,900,26.2,12.7
J1239+2453,400,110,33
J1239+2453,40,240,70
J1239+2453,60,380,80
J1239+2453,90,440,100
J1239+2453,100,260,130
J1257-1027,4850,0.21,0
J1257-1027,1400,1.6,0
J1257-1027,1600,1,0.3
J1257-1027,1400,1.2,0.3
J1257-1027,600,5.6,0.5
J1257-1027,400,11.8,1.3
J1257-1027,900,4.4,1.6
J1257-1027,100,110,60
J1311-1228,1400,0.3,0
J1311-1228,900,0.7,0
J1311-1228,1400,0.5,0.1
J1311-1228,600,2.4,0.3
J1311-1228,400,4,0.3
J1311-1228,100,60,35
J1321+8323,1400,1.5,0
J1321+8323,400,11,2
J1321+8323,600,6.2,2.5
J1509+5531,1400,4.9,0
J1509+5531,4850,0.35,0.14
J1509+5531,2700,1.9,0.4
J1509+5531,1400,7.8,1.2
J1509+5531,600,37.4,2.6
J1509+5531,900,21.1,4.8
J1509+5531,400,114,5
J1509+5531,40,350,130
J1509+5531,60,840,200
J1509+5531,90,840,220
J1509+5531,100,1280,500
J1532+2745,1400,2.1,0
J1532+2745,4850,0.34,0.06
J1532+2745,1400,0.8,0.3
J1532+2745,900,3.2,1.4
J1532+2745,600,6.4,1.6
J1532+2745,400,12.6,2.3
J1532+2745,100,94,44
J1543-0620,1400,5,0
J1543-0620,4850,0.26,0.06
J1543-0620,1400,2,0.7
J1543-0620,600,11.3,1.1
J1543-0620,900,4.5,1.2
J1543-0620,400,40.1,6.4
J1543-0620,100,130,30
J1543+0929,4850,0.14,0.01
J1543+0929,2700,0.9,0.9
J1543+0929,1400,5.9,0.9
J1543+0929,600,31.6,1.7
J1543+0929,400,77.7,6.1
J1543+0929,100,560,110
J1543+0929,60,360,200
J1555-2341,1400,1.4,0
J1555-2341,4850,0.09,0.02
J1555-2341,1400,0.9,0.1
J1555-2341,600,4.9,0.3
J1555-2341,400,7.6,0.6
J1555-3134,1400,1.4,0.4
J1555-3134,600,13.2,1.1
J1555-3134,400,19,1.3
J1603-2712,1400,0.8,0
J1603-2712,1400,1.7,0.3
J1603-2712,600,12.4,0.8
J1603-2712,400,19.6,1.1
J1607-0032,1400,3.6,0
J1607-0032,10700,0.06,0.02
J1607-0032,4850,1.27,0.18
J1607-0032,2700,2.8,0.7
J1607-0032,1400,5,2.1
J1607-0032,600,25.7,7.1
J1607-0032,400,54.2,8.1
J1607-0032,60,190,70
J1607-0032,40,120,100
J1607-0032,90,190,100
J1607-0032,100,220,100
J1610-1322,1400,3,0
J1610-1322,600,6.8,1.1
J1610-1322,400,15.7,1.3
J1610-1322,100,160,80
J1614+0737,4850,0.04,0
J1614+0737,1400,1.9,0
J1614+0737,1400,0.6,0.3
J1614+0737,600,2.9,0.4
J1614+0737,400,9.6,0.8
J1614+0737,100,100,40
J1615-2940,1400,0.2,0
J1615-2940,400,3.1,0.5
J1615-2940,600,2.2,0.8
J1623-0908,1400,0.7,0
J1623-0908,1400,0.6,0.1
J1623-0908,4850,0.05,0.2
J1623-0908,600,3.4,0.2
J1623-0908,400,6,0.4
J1623-0908,100,40,25
J1635+2418,1400,0.5,0
J1635+2418,1400,0.7,0
J1635+2418,600,3.4,0.3
J1635+2418,400,9.1,0.8
J1635+2418,100,50,15
J1645-0317,2300,3.32,0
J1645-0317,2700,3.56,0
J1645-0317,10550,0.21,0.03
J1645-0317,8500,0.34,0.19
J1645-0317,4850,1.32,0.7
J1645-0317,1400,10.8,4.99
J1645-0317,1400,21.2,5.7
J1645-0317,600,172,18
J1645-0317,400,392,42
J1645-0317,60,410,130
J1645-0317,100,300,170
J1645-0317,90,720,510
J1651-1709,1400,1.1,0
J1651-1709,1400,0.3,0.1
J1651-1709,600,4.2,0.6
J1651-1709,400,8.6,1
J1652-2404,4850,0.12,0
J1652-2404,1400,1.1,0.1
J1652-2404,600,4.9,0.4
J1652-2404,400,9.2,0.6
J1659-1305,1400,0.7,0
J1659-1305,600,3.2,0.3
J1659-1305,400,6.3,0.7
J1659-1305,100,90,50
J1703-1846,1600,1.4,0
J1703-1846,1400,0.7,0.2
J1703-1846,600,9.1,1.1
J1703-1846,400,11.3,1.2
J1703-1846,100,190,100
J1703-3241,600,9.3,0.6
J1703-3241,400,32.1,2.9
J1705-1906,1400,3.2,0
J1705-1906,4850,1.1,0.11
J1705-1906,600,14.5,1.6
J1705-1906,900,10.1,1.9
J1705-1906,400,28.8,2.5
J1705-1906,1400,7.7,3.1
J1705-1906,100,150,50
J1709-1640,24000,0.07,0
J1709-1640,14800,0.18,0
J1709-1640,8500,0.78,0
J1709-1640,32000,0.06,0.01
J1709-1640,10550,0.48,0.17
J1709-1640,4850,2.96,1.46
J1709-1640,1400,4.2,1.6
J1709-1640,600,20,3
J1709-1640,400,47.1,4.9
J1709-1640,1400,8.02,5.29
J1709-1640,60,180,60
J1709-1640,100,310,250
J1711-1509,4850,0.08,0.01
J1711-1509,600,2.8,0.1
J1711-1509,1400,0.7,0.2
J1711-1509,400,5.9,0.6
J1711-1509,100,200,120
J1717-3425,1400,2.4,0.5
J1717-3425,600,21.6,4.2
J1720-1633,4850,0.06,0
J1720-1633,1400,1.1,0.4
J1720-1633,600,6.2,0.8
J1720-1633,400,12.5,2.1
J1720-2933,1400,3.4,0
J1720-2933,1400,1.9,0.4
J1720-2933,600,13,1.3
J1720-2933,400,31.5,4.3
J1720-0212,1400,1.2,0
J1720-0212,1400,1,0.2
J1720-0212,600,13.1,0.6
J1720-0212,400,22.4,1.9
J1720-0212,100,80,40
J1722-3207,1400,3.7,0.2
J1722-3207,600,26.6,1.9
J1722-3207,400,61.4,3.8
J1728-0007,600,4.1,0.6
J1728-0007,400,10.5,1.3
J1730-3350,400,14.8,0
J1730-3350,1400,2.9,0.3
J1733-2228,4850,0.09,0
J1733-2228,1400,2.2,0.3
J1733-2228,600,14.2,1.7
J1733-2228,400,24.8,3.2
J1735-0724,4850,0.11,0
J1735-0724,1400,1.7,0.2
J1735-0724,600,13.9,0.7
J1735-0724,400,17.7,1.5
J1737-3555,1400,0.5,0.1
J1737-3555,600,2,0.3
J1738-3211,400,5,0
J1738-3211,1600,1.1,0.1
J1738-3211,1400,1.6,0.1
J1738-3211,600,3.1,0.3
J1739-3131,1600,3.5,0.3
J1739-3131,1400,4.3,0.3
J1739-3131,600,8.5,1.5
J1740+1311,1400,2.5,0
J1740+1311,4850,0.31,0.14
J1740+1311,1400,3.9,0.5
J1740+1311,600,14.2,1.3
J1740+1311,400,23.9,1.8
J1740+1311,100,80,12
J1740-3015,4850,1.08,0
J1740-3015,1400,4.6,0
J1740-3015,400,31.4,0
J1740-3015,1400,6,0.3
J1740-3015,900,11.3,0.6
J1740-3015,1600,5.7,0.7
J1740-3015,600,17.6,1.5
J1741-0840,1400,2.1,0
J1741-0840,4850,0.15,0.02
J1741-0840,1400,1.4,0.4
J1741-0840,600,18,2.6
J1741-0840,400,29.4,7.7
J1741-0840,100,140,80
J1743-0339,4850,0.06,0
J1743-0339,1400,0.6,0
J1743-0339,400,3.9,0
J1743-0339,600,2,0.3
J1743-0339,100,90,40
J1743-1351,1400,0.5,0.1
J1743-1351,600,3.7,0.3
J1743-1351,400,6.1,0.8
J1743-3150,400,10.9,0
J1743-3150,1400,2.4,0.2
J1743-3150,600,12.4,0.4
J1745-3040,1400,9.7,0
J1745-3040,4850,1.72,0.13
J1745-3040,1400,14.1,1.4
J1745-3040,600,50.5,2.6
J1745-3040,900,35.6,3
J1745-3040,400,65.7,6
J1748-1300,4850,1.44,0
J1748-1300,1400,2,0.3
J1748-1300,600,7.7,0.7
J1748-1300,400,23.4,1.1
J1748-1300,100,230,180
J1749-3002,400,25.2,0
J1749-3002,1400,3.5,0.4
J1749-3002,600,10.3,3.2
J1750-3157,1400,1.4,0.3
J1750-3157,600,3.8,0.6
J1752-2806,1400,18.3,0
J1752-2806,10700,0.06,0.04
J1752-2806,4850,0.67,0.19
J1752-2806,2700,11,1
J1752-2806,1400,36.2,5.7
J1752-2806,600,334,21
J1752-2806,400,1051,103
J1752-2806,60,1230,270
J1752-2806,90,960,360
J1752-2806,100,1640,820
J1753-2501,2700,0.73,0
J1753-2501,4850,0.37,0.04
J1753-2501,1400,1.6,0.1
J1753-2501,1600,1.8,0.1
J1753-2501,900,2.3,0.1
J1754+5201,4850,0.08,0.01
J1754+5201,1400,1.6,0.4
J1754+5201,600,2,0.4
J1754+5201,400,4.9,0.8
J1754+5201,100,30,12
J1756-2435,4850,0.12,0
J1756-2435,400,15.1,0
J1756-2435,1600,1.6,0.1
J1756-2435,1400,1.9,0.1
J1756-2435,600,3.2,0.4
J1757-2421,1400,7.1,0.5
J1757-2421,600,18.1,0.8
J1757-2421,400,20.1,3.8
J1759-2205,1400,2.1,0
J1759-2205,4850,0.25,0.05
J1759-2205,1400,2.6,0.4
J1759-2205,600,11.4,1.8
J1759-2205,400,19.5,2.4
J1801-2451,400,9.8,0
J1801-2451,600,2.3,0.1
J1801-0357,1400,0.4,0
J1801-0357,1400,0.7,0.1
J1801-0357,600,5.5,0.3
J1801-0357,400,17,0.9
J1801-0357,100,100,55
J1801-2304,4850,0.27,0.03
J1801-2304,1400,5.7,0.3
J1801-2304,1600,5.5,0.4
J1803-2137,10450,1.78,0
J1803-2137,900,17,0.8
J1803-2137,1400,14.6,0.9
J1803-2137,600,18.2,0.9
J1803-2137,1600,17.4,1.1
J1803-2137,4850,5.54,1.91
J1803-2137,400,23.3,5.3
J1803-2712,400,5.1,0
J1803-2712,1400,0.9,0.1
J1804-0735,400,6.1,0
J1804-0735,1400,0.6,0.1
J1804-0735,600,1,0.2
J1807-0847,1400,13.2,0
J1807-0847,4850,2.3,0.46
J1807-0847,600,53.6,1.7
J1807-0847,400,65.4,3.6
J1807-0847,1400,15.7,4
J1807-2715,1400,0.5,0
J1807-2715,1400,0.6,0.1
J1807-2715,600,7.4,0.4
J1808-2057,4850,0.21,0.02
J1808-2057,600,8.1,0.9
J1809-2109,1600,0.6,0.2
J1809-2109,1400,1.9,0.7
J1809-2109,600,6.3,1.2
J1812+0226,1400,0.3,0.1
J1812+0226,600,2.3,0.2
J1812+0226,400,3.8,0.3
J1813+4013,1400,1.1,0
J1813+4013,1400,1.1,0.2
J1813+4013,600,6.4,0.7
J1813+4013,400,7.9,2.1
J1813+4013,100,40,10
J1816-1729,1600,1.1,0.1
J1816-1729,1400,1.4,0.2
J1816-1729,600,2.9,0.3
J1816-1729,1400,7.6,2.28
J1816-2650,4850,0.09,0
J1816-2650,600,10.5,0.8
J1816-2650,400,18.2,2
J1818-1422,4850,0.57,0
J1818-1422,2700,1.82,0
J1818-1422,1600,4.8,0.5
J1818-1422,1400,6.9,0.8
J1818-1422,900,12.5,1.5
J1818-1422,600,6.7,1.9
J1820-1346,4850,0.16,0
J1820-1346,2700,0.58,0
J1820-1346,1600,2,0.4
J1820-1346,1400,3.3,0.8
J1820-1346,600,10.8,3.4
J1820-1818,1400,1.1,0.3
J1820-1818,400,4.6,0.9
J1820-0427,4850,0.3,0.1
J1820-0427,1400,8,0.6
J1820-0427,600,64.9,2
J1820-0427,400,156,6
J1820-0427,100,90,20
J1822-2256,4850,0.14,0
J1822-2256,1400,3.9,0
J1822-2256,1400,3.2,0.1
J1822-2256,900,7.7,0.6
J1822-2256,600,14.3,1.6
J1822-2256,400,25.3,2.4
J1823-1115,4850,0.64,0.06
J1823-1115,1400,3.8,0.3
J1823-1115,1600,3,0.6
J1823-1115,600,13.2,0.8
J1823-1115,900,8.8,1.2
J1823-1115,400,10.6,1.8
J1822-1400,1400,0.8,0.1
J1822-1400,600,1.5,0.2
J1823-3021B,600,1,0.1
J1823-3021B,400,2.2,0.2
J1823-3106,1400,2.5,0.6
J1823-3106,600,17.2,2.3
J1823-3106,400,36.4,3.5
J1823+0550,4850,0.85,0
J1823+0550,1400,5.6,0
J1823+0550,1400,1.7,0.4
J1823+0550,900,6.7,1.1
J1823+0550,600,13.1,2.1
J1823+0550,400,18.4,2.2
J1823+0550,100,80,30
J1824-1118,4850,0.09,0.01
J1824-1118,1600,1.4,0.2
J1824-1118,1400,2.4,0.6
J1824-1118,900,3.7,1.1
J1824-1118,600,8.4,1.9
J1824-1945,1400,7.4,0
J1824-1945,4850,0.78,0.16
J1824-1945,1400,6.1,0.4
J1824-1945,1600,5.2,0.6
J1824-1945,600,35.6,1.6
J1824-1945,400,71.2,6.3
J1825+0004,1400,0.4,0.1
J1825+0004,600,3.5,0.3
J1825+0004,400,7.8,1.7
J1825+0004,100,60,30
J1825-0935,8500,0.78,0
J1825-0935,2300,3.57,0
J1825-0935,10550,0.32,0.09
J1825-0935,600,19,1.6
J1825-0935,4850,3.94,2.07
J1825-0935,900,16.1,2.4
J1825-0935,400,35.5,2.5
J1825-0935,1400,10.8,3.4
J1825-0935,1400,11.87,5.23
J1825-0935,100,600,130
J1825-0935,60,790,160
J1825-0935,90,380,250
J1825-1446,4850,1.28,0.1
J1825-1446,1600,2.5,0.2
J1825-1446,1400,3,0.2
J1826-1131,400,7,0
J1826-1131,1600,0.8,0.1
J1826-1131,1400,1.1,0.1
J1826-1131,900,3.2,0.4
J1826-1131,600,8.3,0.4
J1826-1334,10450,1.01,0
J1826-1334,4850,2.47,0
J1826-1334,1400,5,0
J1826-1334,900,5.1,0
J1826-1334,1400,4.3,0.2
J1826-1334,600,1.8,0.4
J1826-1334,1600,5.1,0.5
J1829-1751,1400,13.4,0
J1829-1751,10550,0.08,0.01
J1829-1751,4850,1.23,0.24
J1829-1751,1400,10.3,0.9
J1829-1751,600,53.2,1.8
J1829-1751,1600,12.8,2.1
J1829-1751,400,78.4,5.2
#N/A,400,2.8,0
#N/A,1400,1,0.1
#N/A,600,1.3,0.1
#N/A,900,1.6,0.3
#N/A,1600,1.1,0.4
J1832-0827,4850,0.14,0
J1832-0827,1600,3.4,0.2
J1832-0827,900,6.9,0.3
J1832-0827,600,9.1,0.5
J1832-0827,400,9.4,0.8
J1832-0827,1400,4.1,0.9
J1832-1021,1400,0.3,0
J1832-1021,900,1.7,0
J1832-1021,1600,0.4,0.1
J1832-1021,1400,0.6,0.1
J1832-1021,600,1.5,0.1
J1832-1021,400,3.4,0.5
J1833-0827,4850,0.9,0.08
J1833-0827,1600,3.7,0.4
J1833-0827,600,6.3,0.5
J1833-0827,1400,4.7,0.6
J1833-0827,900,10.4,0.6
J1834-0010,600,3.8,0
J1834-0010,400,6.7,0
J1833-0338,1400,3,0
J1833-0338,1400,2.8,0.3
J1833-0338,900,9.8,0.7
J1833-0338,600,35.3,0.7
J1833-0338,400,88.5,4.7
J1833-0338,100,770,400
J1834-0426,1400,11.6,0
J1834-0426,4850,2.79,0.46
J1834-0426,600,46.3,1.5
J1834-0426,1400,15.2,2.3
J1834-0426,400,77.4,7.8
J1834-0426,100,90,50
J1835-0643,4850,0.2,0
J1835-0643,1600,2.2,0.2
J1835-0643,1400,2.6,0.2
J1835-0643,600,3,1
J1836-0436,1600,0.9,0.2
J1836-0436,1400,1.4,0.4
J1836-0436,900,3.6,0.9
J1836-0436,600,5.8,1.3
J1837-0653,1600,2.6,0.3
J1837-0653,1400,3.1,0.6
J1837-0653,600,8.5,1.8
J1836-1008,1600,3.2,0.3
J1836-1008,1400,5.3,1.1
J1836-1008,600,27.3,2.3
J1836-1008,400,53.8,6
J1841-0425,4850,0.26,0
J1841-0425,600,3,0.1
J1841-0425,1600,1.6,0.2
J1841-0425,1400,2.3,0.2
J1841-0425,900,3.7,0.3
J1841-0425,400,2.6,0.4
J1841+0912,4850,0.34,0
J1841+0912,1400,1.1,0
J1841+0912,1400,1.7,0.1
J1841+0912,600,9.9,0.7
J1841+0912,400,20.3,1.2
J1840+5640,4850,0.36,0
J1840+5640,1400,4.6,0
J1840+5640,1400,3.7,1
J1840+5640,900,5.4,1.2
J1840+5640,600,13.8,1.6
J1840+5640,400,20.8,2.9
J1840+5640,100,50,20
J1842-0359,400,33.5,0
J1842-0359,1600,5.9,0.5
J1842-0359,1400,8.5,0.6
J1842-0359,600,30.8,1.6
J1844-0433,1400,1.1,0
J1844-0433,1600,0.9,0.1
J1844-0433,1400,1.3,0.1
J1844-0433,900,2.8,0.2
J1844-0433,600,5.6,0.2
J1844-0433,400,8.1,0.7
J1844-0538,1400,3,0
J1844-0538,4850,0.4,0.09
J1844-0538,1600,1.9,0.3
J1844-0538,1400,2.7,0.3
J1844-0538,600,11.4,0.9
J1844+1454,1400,2.1,0
J1844+1454,4850,0.41,0.08
J1844+1454,1400,1.5,0.3
J1844+1454,600,8.6,0.8
J1844+1454,400,19.7,2.2
J1844-0244,4850,0.07,0
J1844-0244,1600,0.5,0.1
J1844-0244,1400,1,0.2
J1844-0244,600,1.5,0.3
J1845-0434,4850,0.81,0
J1845-0434,1600,1.6,0.2
J1845-0434,1400,2.3,0.3
J1845-0434,600,3.5,0.9
J1847-0402,1400,4.1,0
J1847-0402,4850,0.34,0.06
J1847-0402,600,28.2,0.4
J1847-0402,1400,4.8,0.5
J1847-0402,400,74.8,3.2
J1847-0402,100,100,60
J1848-0123,8500,0.74,0
J1848-0123,4850,1.07,0
J1848-0123,2300,3.3,0
J1848-0123,1400,10.8,0
J1848-0123,10550,0.44,0.07
J1848-0123,600,44.7,2.4
J1848-0123,400,79.1,5.8
J1848-0123,100,950,550
J1848-1952,600,7.4,1.1
J1848-1952,400,16.9,1.9
J1849-0636,1400,1.5,0
J1849-0636,1400,1.6,0.2
J1849-0636,600,10.5,0.3
J1849-0636,400,26.3,1.3
J1849-0636,100,90,60
J1851+0418,1400,1.6,0
J1851+0418,600,5.4,0.8
J1851+1259,1400,0.5,0.1
J1851+1259,1600,0.5,0.1
J1851+1259,600,2.1,0.3
J1851+1259,400,7.8,1.5
J1850+1335,4850,0.11,0
J1850+1335,1600,0.7,0.2
J1850+1335,1400,1.4,0.3
J1850+1335,600,4.4,0.4
J1850+1335,400,5.7,1.1
J1850+1335,100,65,10
J1852+0031,4850,0.28,0.03
J1852+0031,1600,4.3,0.6
J1852+0031,1400,5.2,0.6
J1854-1421,600,6,0.5
J1854-1421,400,8.2,1.2
J1856+0113,4850,0.08,0
J1856+0113,400,16.1,0
J1856+0113,600,5.9,1.5
J1857+0212,4850,0.51,0.05
J1857+0212,1600,1.5,0.2
J1857+0212,1400,2.2,0.3
J1857+0212,900,4.9,1.9
J1857+0212,600,9.3,2.2
J1857+0212,100,340,140
J1900-2600,1400,10.4,0
J1900-2600,10700,0.05,0.02
J1900-2600,4850,0.75,0.15
J1900-2600,1400,12.5,1.1
J1900-2600,600,73,4.1
J1900-2600,400,130,12
J1901+0156,600,4.2,0.3
J1901+0156,400,13.7,0.6
J1901+0331,1400,5.9,0
J1901+0331,4850,0.19,0.04
J1901+0331,1400,3.2,0.7
J1901+0331,600,47.4,2.7
J1901+0331,400,165,10
J1901+0331,100,1460,920
J1901+0716,4850,0.12,0
J1901+0716,400,5.6,0
J1901+0716,1600,1.7,0.3
J1901+0716,1400,2.1,0.3
J1901+0716,900,3,0.4
J1901+0716,600,5,0.4
J1903+0135,4850,0.49,0.17
J1903+0135,600,31,2.4
J1903+0135,400,58.3,7.9
J1902+0556,1400,1.9,0
J1902+0556,4850,0.23,0.04
J1902+0556,1400,2.3,0.4
J1902+0556,600,10.2,0.4
J1902+0556,400,14.9,1.9
J1902+0615,1400,1.8,0
J1902+0615,4850,0.09,0.02
J1902+0615,900,5.7,0.7
J1902+0615,600,11.6,0.8
J1902+0615,1400,2.3,1.1
J1902+0615,400,21.9,4.3
J1903-0632,1400,1.5,0
J1903-0632,600,11.3,0.7
J1903-0632,400,23,1.1
J1903-0632,100,140,90
J1905-0056,1400,0.8,0.1
J1905-0056,600,5.2,0.2
J1905-0056,400,9.8,0.6
J1905+0709,4850,0.16,0
J1905+0709,1400,1.9,0.1
J1905+0709,1600,1.2,0.3
J1905+0709,600,5.5,0.4
J1906+0641,4850,0.43,0
J1906+0641,1600,2.4,0.3
J1906+0641,1400,2.6,0.5
J1906+0641,400,6.2,1.6
J1907+4002,4850,0.12,0
J1907+4002,1400,1.4,0
J1907+4002,1400,1.8,0.3
J1907+4002,600,12.6,1.3
J1907+4002,400,22.5,2.6
J1909+0007,1400,0.8,0.1
J1909+0007,600,7.3,0.3
J1909+0007,400,12,0.7
J1909+0007,100,50,30
J1909+0254,1400,0.9,0
J1909+0254,1400,0.7,0.1
J1909+0254,600,6.1,0.2
J1909+0254,400,21.2,1.2
J1909+0254,100,110,50
J1910+0358,1400,1.8,0
J1910+0358,4850,0.35,0.04
J1910+0358,600,15.7,1.6
J1910+0358,400,20.7,6
J1910+0358,100,160,80
J1909+1102,1400,1.6,0
J1909+1102,1400,2.2,0.2
J1909+1102,600,17.5,0.9
J1909+1102,400,50.2,3
J1909+1102,100,250,120
J1910-0309,1400,1.3,0
J1910-0309,1400,0.8,0.1
J1910-0309,900,2.6,0.3
J1910-0309,600,5.8,0.3
J1910-0309,400,26.9,2.8
J1912+2104,1400,0.8,0
J1912+2104,1400,0.8,0.1
J1912+2104,600,3.3,0.3
J1912+2104,400,5.7,1.1
J1914+1122,400,1.6,0
J1914+1122,600,0.9,0.2
J1913+1400,1400,0.7,0
J1913+1400,4850,0.15,0.02
J1913+1400,1400,1.2,0.1
J1913+1400,600,4.3,0.3
J1913+1400,400,5.2,0.7
J1913+1400,100,55,25
J1913-0440,4850,0.38,0
J1913-0440,1400,4.4,0.5
J1913-0440,600,44.1,2.9
J1913-0440,400,117,8
J1913-0440,100,170,50
J1915+1009,4850,0.15,0
J1915+1009,1400,2.5,0
J1915+1009,1400,2,0.5
J1915+1009,1600,2.2,0.6
J1915+1009,900,4.2,1
J1915+1009,600,9.8,1
J1915+1009,400,23.1,2.1
J1915+1009,100,220,50
J1915+1606,1400,0.7,0.1
J1915+1606,400,4.2,1.1
J1915+1647,600,2.5,0.4
J1915+1647,400,4.5,0.8
J1916+0951,4850,0.09,0
J1916+0951,1400,1,0.1
J1916+0951,600,5.6,0.3
J1916+0951,400,19.9,2.2
J1916+0951,100,230,85
J1916+1312,1400,1.8,0
J1916+1312,4850,0.2,0.06
J1916+1312,1400,1.9,0.3
J1916+1312,600,8.4,0.5
J1916+1312,400,12.4,1.1
J1916+1312,100,530,390
J1917+1353,1400,6.5,0
J1917+1353,4850,0.33,0.24
J1917+1353,1400,3.9,0.5
J1917+1353,1600,2.4,0.7
J1917+1353,900,12.8,1.2
J1917+1353,600,22.6,1.8
J1917+1353,400,42.8,2.9
J1917+1353,100,140,100
J1918+1444,4850,0.12,0
J1918+1444,1400,0.74,0
J1918+1444,400,2.2,0
J1918+1444,600,1.6,0.2
J1918+1444,1400,1.4,0.5
J1918+1444,900,1.5,0.7
J1919+0021,1400,0.9,0
J1919+0021,4850,0.06,0.01
J1919+0021,1400,0.8,0.2
J1919+0021,600,6.7,0.5
J1919+0021,400,15.6,1.3
J1921+1948,1400,1.5,0
J1921+1948,1400,1.7,0.3
J1921+1948,600,13.1,0.9
J1921+1948,400,34.4,3.5
J1920+2650,1700,0.62,0
J1920+2650,1400,1.1,0
J1920+2650,600,2.3,0
J1920+2650,400,6.1,1.1
J1920+2650,100,30,11
J1921+1419,1400,1.3,0
J1921+1419,400,5.2,0
J1921+1419,4850,0.19,0.04
J1921+1419,1400,1,0.1
J1921+1419,600,3.2,0.7
J1921+1419,100,210,110
J1921+2153,1400,3.2,0
J1921+2153,4850,0.14,0.01
J1921+2153,2700,0.15,0.07
J1921+2153,900,12.8,0.4
J1921+2153,1400,5.3,2.5
J1921+2153,400,56.5,8.2
J1921+2153,600,72.7,21.6
J1921+2153,40,250,80
J1921+2153,60,2100,430
J1921+2153,100,1900,600
J1922+2018,600,1.4,0.3
J1922+2018,400,3.8,0.7
J1922+2110,1400,1.3,0
J1922+2110,4850,0.15,0.03
J1922+2110,1400,1.4,0.2
J1922+2110,600,13.6,1.1
J1922+2110,400,29.9,1.2
J1926+0431,4850,0.11,0
J1926+0431,600,7.3,1.3
J1926+0431,400,21.9,2.2
J1926+0431,100,50,30
J1926+1648,4850,0.37,0
J1926+1648,1400,1.3,0.2
J1926+1648,600,3.7,0.6
J1926+1648,400,8.2,1
J1926+1648,100,140,90
J1932+1059,14800,1.68,0
J1932+1059,1700,87.12,0
J1932+1059,32000,0.21,0.01
J1932+1059,33900,0.3,0.02
J1932+1059,22700,0.22,0.04
J1932+1059,43000,0.18,0.05
J1932+1059,23050,0.33,0.08
J1932+1059,14600,1.1,0.1
J1932+1059,24000,0.25,0.18
J1932+1059,8500,3.35,0.18
J1932+1059,10550,1.72,0.33
J1932+1059,2700,15,2
J1932+1059,4850,10.59,3.21
J1932+1059,1400,41.1,5.7
J1932+1059,2300,17.22,6.78
J1932+1059,1400,37.17,37
J1932+1059,600,187,42
J1932+1059,400,303,75
J1932+1059,100,950,600
J1932+2020,1400,0.9,0
J1932+2020,1400,1.2,0.4
J1932+2020,600,10.8,1.2
J1932+2020,400,28.5,2.2
J1932+2220,1400,1,0
J1932+2220,1400,1.2,0.1
J1932+2220,1600,1.6,0.3
J1932+2220,600,5.3,0.5
J1932+2220,900,2.8,0.6
J1932+2220,400,7.8,0.8
J1932+2220,100,90,20
J1933+2421,600,1.7,0
J1933+2421,400,8.7,0
J1935+1616,1400,60.7,0
J1935+1616,4850,4.12,0.18
J1935+1616,2700,9.85,0.6
J1935+1616,1400,41.8,5.6
J1935+1616,600,161,12
J1935+1616,400,242,22
J1937+2544,4850,0.46,0
J1937+2544,1700,2.24,0
J1937+2544,1400,2.88,0
J1937+2544,400,6.6,0.4
J1937+2544,1400,2.3,0.6
J1937+2544,600,6.6,1
J1941-2602,4850,0.12,0
J1941-2602,400,12.6,1
J1941-2602,1400,2.7,1.3
J1941-2602,600,10.4,1.7
J1943-1237,1400,0.9,0
J1943-1237,1400,0.7,0.2
J1943-1237,600,4.5,0.6
J1943-1237,400,12.9,0.6
J1944-1750,1400,0.4,0
J1944-1750,600,3,0.3
J1944-1750,400,7.5,0.5
J1945-0040,1400,1.1,0
J1945-0040,1400,0.8,0.1
J1945-0040,600,4.7,0.6
J1945-0040,400,5.5,1.3
J1945-0040,100,90,50
J1946-2913,1400,0.8,0.3
J1946-2913,600,4.1,0.5
J1946-2913,400,9.3,0.8
J1946+1805,4850,1.41,0.42
J1946+1805,600,31.3,3.9
J1946+1805,1400,10,4
J1946+1805,400,39.5,5.2
J1946+1805,1400,22.18,17.08
J1946+1805,100,150,90
J1948+3540,1400,8.2,0
J1948+3540,4850,0.51,0.05
J1948+3540,1400,8.3,0.9
J1948+3540,900,27.8,1
J1948+3540,600,78.9,1.6
J1948+3540,400,144,8
J1948+3540,100,60,40
J1949-2524,1400,0.4,0.1
J1949-2524,600,2.6,0.5
J1949-2524,400,5.2,0.6
J1952+3252,1400,0.8,0
J1952+3252,1400,1,0.1
J1952+3252,1600,1.4,0.3
J1952+3252,600,5.1,0.5
J1952+3252,900,3.8,0.9
J1952+3252,400,7.3,1
J1954+2923,2700,2.38,0
J1954+2923,400,9,0
J1954+2923,10700,0.02,0.003
J1954+2923,4850,0.24,0.11
J1954+2923,1400,5.3,0.8
J1954+2923,900,5.2,1.4
J1954+2923,600,6.6,2
J1954+2923,1400,7.79,4.97
J1955+5059,1400,11.1,0
J1955+5059,4850,0.51,0.1
J1955+5059,600,14.3,1.1
J1955+5059,1400,4.4,1.4
J1955+5059,400,26.4,2.9
J1955+5059,100,170,50
J2002+3217,1700,0.85,0
J2002+3217,1400,0.93,0
J2002+3217,4850,0.42,0.04
J2002+3217,1400,1.2,0.1
J2002+3217,1600,1.2,0.1
J2002+3217,600,3.9,0.1
J2002+3217,900,2.2,0.4
J2002+3217,400,5.5,0.5
J2002+3217,100,80,30
J2002+4050,1400,5.5,0
J2002+4050,4850,0.13,0.01
J2002+4050,1600,3.8,0.2
J2002+4050,1400,4.9,0.2
J2002+4050,600,22.9,0.7
J2002+4050,900,11.3,1
J2002+4050,400,53,6.6
J2002+4050,100,170,80
J2004+3137,1400,1.8,0.1
J2004+3137,900,7.1,0.4
J2004+3137,600,11.6,0.7
J2004+3137,1400,1.5,0.84
J2004+3137,400,14.5,0.9
J2006-0807,1400,2.8,0.7
J2006-0807,900,7.1,1.1
J2006-0807,600,7.4,1.5
J2006-0807,400,19.6,2.8
J2013+3845,1400,7.5,0
J2013+3845,4850,0.66,0.07
J2013+3845,1600,6.3,0.3
J2013+3845,1400,6.4,0.5
J2013+3845,600,18.7,0.9
J2013+3845,900,11.1,1.1
J2013+3845,400,25.5,1.4
J2013+3845,100,95,40
J2018+2839,2300,1.57,0
J2018+2839,1400,44.3,0
J2018+2839,2700,4.5,0.05
J2018+2839,8500,0.3,0.13
J2018+2839,10550,0.17,0.14
J2018+2839,4850,1.1,0.33
J2018+2839,600,100,12
J2018+2839,1400,30.1,13.2
J2018+2839,400,313,29
J2018+2839,100,260,100
J2022+2854,32000,0.09,0.02
J2022+2854,10550,0.91,0.15
J2022+2854,14800,0.35,0.17
J2022+2854,8500,1.4,0.3
J2022+2854,4850,2.5,0.85
J2022+2854,400,71,6.9
J2022+2854,600,59.9,9.9
J2022+2854,2300,16.44,10.59
J2022+2854,1400,15.19,13.42
J2022+2854,60,30,20
J2022+2854,90,40,20
J2022+2854,100,340,140
J2022+5154,24000,0.4,0
J2022+5154,14800,1.38,0
J2022+5154,32000,0.32,0.01
J2022+5154,43000,0.25,0.03
J2022+5154,29300,0.14,0.04
J2022+5154,34800,0.35,0.05
J2022+5154,22700,0.42,0.08
J2022+5154,23050,0.45,0.09
J2022+5154,33900,0.5,0.1
J2022+5154,14600,1.3,0.1
J2022+5154,10550,1.83,0.48
J2022+5154,8500,2.57,1.49
J2022+5154,2700,15.1,1.5
J2022+5154,4850,9,5.1
J2022+5154,1700,23.2,7
J2022+5154,1400,27.2,9.1
J2022+5154,400,76.5,12.4
J2022+5154,600,95.9,22.9
J2022+5154,100,60,25
J2022+5154,1400,69.6,71.9
J2023+5037,1400,1.1,0
J2023+5037,1700,1.63,0
J2023+5037,4850,0.75,0.07
J2023+5037,600,4,0.3
J2023+5037,1400,2.2,0.5
J2023+5037,1600,2.3,0.5
J2023+5037,400,6.5,0.7
J2023+5037,100,30,20
J2029+3744,1400,0.65,0.06
J2029+3744,1400,0.6,0.1
J2029+3744,600,4.8,0.2
J2029+3744,400,18.2,2.4
J2037+3621,1700,0.3,0
J2037+3621,1400,1.6,0
J2037+3621,1400,0.8,0.4
J2037+3621,600,3.1,0.7
J2037+3621,400,6,1
J2037+3621,100,34,10
J2038+5319,1400,0.3,0.1
J2038+5319,600,1.1,0.2
J2038+5319,400,3.1,0.4
J2046-0421,1400,1.7,0.5
J2046-0421,600,8.6,0.5
J2046-0421,400,19.5,1.3
J2046-0421,100,20,10
J2046+1540,4850,0.16,0
J2046+1540,1400,1.7,0.3
J2046+1540,600,4.6,0.3
J2046+1540,400,11.5,0.9
J2046+1540,100,40,20
J2046+5708,1400,0.4,0
J2046+5708,400,7.9,0
J2046+5708,1400,0.3,0.1
J2046+5708,600,1.3,0.3
J2046+5708,100,34,11
J2048-1616,10550,0.15,0
J2048-1616,8500,0.25,0.03
J2048-1616,4850,0.93,0.25
J2048-1616,2700,3.6,0.4
J2048-1616,2300,4.99,1.55
J2048-1616,1400,12.9,4
J2048-1616,1400,11.43,6.05
J2048-1616,1600,18.4,8.5
J2048-1616,600,102,21
J2048-1616,400,115,26
J2048-1616,100,90,50
J2055+2209,4850,0.43,0
J2055+2209,600,6.2,0.5
J2055+2209,400,8.7,1
J2055+3630,4850,0.29,0
J2055+3630,1400,2.8,0
J2055+3630,1400,2.6,0.1
J2055+3630,600,14.4,0.4
J2055+3630,400,27.6,1
J2055+3630,100,80,20
J2108+4441,1400,3.4,0
J2108+4441,4850,0.76,0.15
J2108+4441,1400,5.4,0.4
J2108+4441,600,19.4,0.7
J2108+4441,400,25.9,1.8
J2113+2754,4850,0.08,0
J2113+2754,1400,2.8,0
J2113+2754,1400,1.1,0.2
J2113+2754,600,8,1
J2113+2754,400,17.9,2.5
J2113+2754,100,130,30
J2113+4644,10550,0.16,0.05
J2113+4644,2700,3.9,0.4
J2113+4644,4850,1.66,0.91
J2113+4644,1400,19.3,1.4
J2113+4644,1600,14.5,1.6
J2113+4644,900,44.3,2.7
J2113+4644,1400,28.03,4.5
J2113+4644,600,112,10
J2113+4644,400,229,11
J2113+4644,100,430,110
J2116+1414,1400,0.7,0
J2116+1414,1400,0.8,0.1
J2116+1414,600,3.4,0.2
J2116+1414,400,9.3,1
J2150+5247,4850,0.36,0
J2150+5247,1700,1.81,0
J2150+5247,1600,2.4,0.1
J2150+5247,1400,2,0.3
J2150+5247,600,6.6,0.5
J2150+5247,400,15.6,0.8
J2150+5247,100,40,24
J2149+6329,4850,0.23,0
J2149+6329,1400,2.4,0
J2149+6329,2700,0.8,0.3
J2149+6329,1400,2.9,0.4
J2149+6329,600,18.4,0.7
J2149+6329,400,31.5,1.5
J2149+6329,100,20,8
J2155-3118,1400,0.5,0.3
J2155-3118,600,5.4,0.8
J2155-3118,400,12,2
J2157+4017,2700,3.37,0
J2157+4017,1400,17.5,0
J2157+4017,4850,0.79,0.35
J2157+4017,1400,16.9,1.8
J2157+4017,600,54.7,3.1
J2157+4017,400,104,6
J2157+4017,100,200,70
J2212+2933,1400,0.5,0
J2212+2933,1400,0.9,0.2
J2212+2933,600,4.2,0.4
J2212+2933,400,6.3,0.8
J2212+2933,100,50,20
J2219+4754,1400,5.4,0
J2219+4754,4900,0.2,0.1
J2219+4754,600,35.6,2.6
J2219+4754,400,110,12
J2219+4754,40,870,190
J2219+4754,100,1200,400
J2219+4754,60,1670,670
J2225+6535,1400,2.1,0
J2225+6535,4600,0.09,0.05
J2225+6535,1600,1.9,0.3
J2225+6535,1400,2,0.4
J2225+6535,600,11.2,0.8
J2225+6535,900,5,1
J2225+6535,400,21.9,2.4
J2229+6205,1400,1,0
J2229+6205,1400,0.8,0.1
J2229+6205,600,5.3,0.2
J2229+6205,400,17,0.8
J2229+6205,100,60,10
J2242+6950,1400,0.1,0
J2242+6950,1400,0.4,0.2
J2242+6950,600,1.6,0.3
J2242+6950,400,2.4,0.7
J2242+6950,100,30,20
J2257+5909,1400,3.3,0
J2257+5909,4850,0.38,0.08
J2257+5909,2700,0.5,0.3
J2257+5909,600,36,0.8
J2257+5909,1400,9.2,0.9
J2257+5909,400,33.8,1.5
J2257+5909,100,20,10
J2305+3100,4850,0.38,0
J2305+3100,1400,1.3,0
J2305+3100,900,2.5,0.4
J2305+3100,1400,2.2,0.5
J2305+3100,600,8.3,1
J2305+3100,400,24.3,2.2
J2305+3100,100,110,60
J2305+4707,1600,0.2,0
J2305+4707,400,1.9,0.4
J2305+4707,600,2.2,0.4
J2308+5547,1400,1.3,0
J2308+5547,4850,0.15,0.02
J2308+5547,1400,1.9,0.3
J2308+5547,600,10.3,1
J2308+5547,400,18.9,1.6
J2313+4253,2300,1.44,0
J2313+4253,1400,12.4,0
J2313+4253,1600,21.7,0
J2313+4253,8500,0.19,0.02
J2313+4253,10550,0.27,0.04
J2313+4253,4850,0.31,0.21
J2313+4253,600,46,2.8
J2313+4253,1400,14.6,4.1
J2313+4253,400,88.6,8.7
J2313+4253,100,110,90
J2317+2149,4850,0.05,0
J2317+2149,1400,2.9,0
J2317+2149,1400,0.9,0.5
J2317+2149,600,6.6,0.9
J2317+2149,400,14.6,3.3
J2317+2149,100,100,30
J2321+6024,10550,0.19,0
J2321+6024,2700,5,0
J2321+6024,8500,0.43,0.01
J2321+6024,4850,1.77,0.48
J2321+6024,2300,3.71,0.76
J2321+6024,1400,12.4,1.3
J2321+6024,1600,15.7,1.4
J2321+6024,600,49.5,4.2
J2321+6024,400,36.1,4.9
J2321+6024,1400,21.46,5.51
J2321+6024,100,70,20
J2325+6316,1400,1.5,0
J2325+6316,1400,2.1,0.5
J2325+6316,900,5.3,0.5
J2325+6316,600,6.2,0.9
J2325+6316,400,8.1,1.9
J2325+6316,100,120,20
J2326+6113,1400,9.3,0
J2326+6113,4850,0.19,0.05
J2326+6113,900,6.1,0.7
J2326+6113,1400,4.4,0.9
J2326+6113,400,16.7,1
J2326+6113,600,11.8,2.2
J2326+6113,100,120,40
J2330-2005,4850,0.11,0
J2330-2005,1400,5.2,0
J2330-2005,1400,3.2,1
J2330-2005,600,19,4.2
J2330-2005,400,41.7,8.2
J2330-2005,90,610,430
J2337+6151,4850,0.29,0
J2337+6151,1400,0.7,0
J2337+6151,1400,1.4,0.3
J2337+6151,900,2.4,0.6
J2337+6151,600,6.1,0.9
J2337+6151,400,10.3,2.2
J2337+6151,100,75,30
J2354+6155,10550,0.25,0
J2354+6155,4850,0.26,0
J2354+6155,2300,1.49,0.56
J2354+6155,8500,1.48,0.87
J2354+6155,1400,4.6,1
J2354+6155,600,12,1
J2354+6155,1400,5.68,2.38
J2354+6155,400,17.3,2.9
J2354+6155,100,30,10
J0538+2817,1400,3.1,0
J0538+2817,4850,0.89,0.58
J0538+2817,1400,3.79,1.08
