PSRJ,PTA_SRC,REF_SH,GL,GB,P0,P1,DM,DM_ERR,DMEPOCH,RM,RM_ERR,RM_SNG,L_FRAC,L_FRAC_ERR,V_FRAC,V_FRAC_ERR,ABS_V_FRAC,ABS_V_FRAC_ERR,TOA_ERR_NEW,SPIND,SPIND_ERR,NOBS,S1400,S1400_ERR,FLUX_0_VAL,FLUX_1_VAL,FLUX_2_VAL,FLUX_3_VAL,FLUX_4_VAL,FLUX_5_VAL,FLUX_6_VAL,FLUX_7_VAL,FLUX_0_ERR,FLUX_1_ERR,FLUX_2_ERR,FLUX_3_ERR,FLUX_4_ERR,FLUX_5_ERR,FLUX_6_ERR,FLUX_7_ERR,FLUX_0_FRQ,FLUX_1_FRQ,FLUX_2_FRQ,FLUX_3_FRQ,FLUX_4_FRQ,FLUX_5_FRQ,FLUX_6_FRQ,FLUX_7_FRQ
J0023+0923,False,hrm+11,111.383,-52.849,0.0030502031047543897,1.142345e-20,14.3216,0.0006,59032.172522,-5.098482280579892,0.9482318810773792,False,0.29768227875020475,0.020051115891884567,0.03455098520854124,0.02318531715131368,0.03065890075044926,0.02318531715131368,0.4920074430093813,-1.4,0.7,6,0.73,0.12,1.3,1.3,0.8,0.7,0.9,0.8,0.8,0.5,0.4,0.5,0.3,0.4,0.3,0.3,0.3,0.2,944.609375,1041.578125,1138.546875,1235.515625,1332.484375,1429.453125,1526.421875,1623.390625
J0030+0451,True,lzb+00,113.141,-57.611000000000004,0.0048654532114961,1.0172e-20,4.33294,0.00011,58806.921266,1.3215705023213415,0.12658524576348135,False,0.3332645228169364,0.02002880636566841,0.008868646973028091,0.0215499885705184,0.023775269138915932,0.0215499885705184,0.9072096733818862,-2.4,0.2,33,1.09,0.03,2.8,2.2,1.8,1.46,1.22,1.03,0.89,0.76,0.4,0.2,0.2,0.13,0.08,0.06,0.05,0.04,944.609375,1041.578125,1138.546875,1235.515625,1332.484375,1429.453125,1526.421875,1623.390625
J0034-0534,False,bhl+94,111.488,-68.065,0.001877182022,-4.26e-19,13.748,0.002,58754.994824,,,True,-0.003938073253321635,0.020480080896941914,-0.027528160342898383,0.04028894646346564,0.029299280142572208,0.04028894646346564,2.4855894461374617,-1.0,0.9,6,0.21,0.05,0.7,0.26,0.23,0.3,0.3,0.3,0.22,0.16,0.3,0.04,0.06,0.2,0.2,0.2,0.15,0.09,944.609375,1041.578125,1138.546875,1235.515625,1332.484375,1429.453125,1526.421875,1623.390625
J0101-6422,True,kcj+12,301.192,-52.72,0.00257315197182,6.2000000000000004e-21,11.921,0.0004,58806.95821799999,18.488850598020075,10.222660521460993,False,0.20647517139661475,0.02080667102625188,0.01785026337237841,0.05576805353048396,0.010153621215919858,0.05576805353048396,1.9848931037264423,-1.4,0.5,8,0.156,0.011,0.4,0.29,0.19,0.15,0.16,0.16,0.14,0.13,0.2,0.06,0.04,0.03,0.03,0.02,0.02,0.03,944.609375,1041.578125,1138.546875,1235.515625,1332.484375,1429.453125,1526.421875,1623.390625
J0125-2327,True,mess+20,188.93200000000002,-81.569,0.0036753748844546,1.8448e-20,9.5974,0.0003,58755.019024,4.784165623238328,0.07251667170692329,False,0.3370701489619788,0.020003391227146054,-0.026256287511924683,0.020274961306832758,0.02460341374557831,0.020274961306832758,0.1886939581442197,-1.0,0.2,39,2.49,0.12,3.7,3.2,2.9,2.9,2.8,2.6,2.3,2.0,0.4,0.4,0.4,0.4,0.4,0.4,0.2,0.2,944.609375,1041.578125,1138.546875,1235.515625,1332.484375,1429.453125,1526.421875,1623.390625
J0154+1833,False,mgf+19,143.185,-41.81,0.0023645697763006,2.919e-21,19.7983,0.00014,58963.283413,-21.871149181659984,0.5988751399035067,True,0.3017654362139562,0.021380123855458358,-0.00694404648401642,0.06072581086473765,0.013164382171691896,0.06072581086473765,0.8894096782015455,-1.7,0.8,6,0.11,0.02,0.26,0.14,0.17,0.22,0.06,0.13,0.15,0.13,0.08,0.06,0.07,0.09,0.02,0.09,0.1,0.07,944.609375,1041.578125,1138.546875,1235.515625,1332.484375,1429.453125,1526.421875,1623.390625
J0348+0432,False,lbr+13,183.33700000000002,-36.774,0.0391226569017806,2.4075e-19,40.464,0.007,59034.27787799999,48.274367088900995,0.2620089244309857,False,0.2805649421414986,0.020108291914491976,-0.12842006556112845,0.028580266658802693,0.11457270142888155,0.028580266658802693,1.6490501465408374,-1.8,0.3,6,0.67,0.04,1.4,1.15,0.91,0.78,0.73,0.8,0.51,0.47,0.2,0.12,0.09,0.1,0.11,0.1,0.08,0.1,944.609375,1041.578125,1138.546875,1235.515625,1332.484375,1429.453125,1526.421875,1623.390625
J0407+1607,False,lxf+05,176.618,-25.656,0.025701739194630004,7.9e-20,35.593,0.006,58807.094464,,,True,0.03703996029327247,0.020323975931163352,0.05565876317129336,0.03346198420316614,0.05034510323989293,0.03346198420316614,14.351573368895526,-2.5,0.2,6,0.35,0.02,0.9,0.95,0.59,0.42,0.39,0.38,0.23,0.32,0.07,0.11,0.04,0.04,0.06,0.06,0.05,0.05,944.609375,1041.578125,1138.546875,1235.515625,1332.484375,1429.453125,1526.421875,1623.390625
J0437-4715,True,jlh+93,253.395,-41.963,0.005757,5.73e-20,2.6411,0.0002,59263.81488,0.15475802117974438,0.018069703719592205,False,0.252470929161713,0.02000014926768806,-0.05496938515278558,0.02508527882385728,0.12607585894291062,0.02508527882385728,0.008690960851453742,-1.78,0.11,74,126.0,2.0,242.3,215.74,187.67,160.0,140.0,123.0,109.0,95.0,17.3,13.66,11.05,8.0,7.0,6.0,5.0,4.0,944.609375,1041.578125,1138.546875,1235.515625,1332.484375,1429.453125,1526.421875,1623.390625
J0453+1559,False,dsm+13,184.125,-17.137,0.045781816872951,1.8612000000000003e-19,30.298000000000002,0.002,59034.308137,-35.26717439154203,0.32223677515029125,False,0.1998745865511524,0.020176006105419825,-0.0011814344884503113,0.03068563657119588,0.011480618810522359,0.03068563657119588,1.8112859822449348,-1.3,0.3,6,0.33,0.02,0.49,0.46,0.47,0.36,0.37,0.31,0.26,0.25,0.06,0.04,0.03,0.05,0.07,0.04,0.05,0.06,944.609375,1041.578125,1138.546875,1235.515625,1332.484375,1429.453125,1526.421875,1623.390625
J0509+0856,False,mgf+19,192.486,-17.930999999999997,0.0040558382315644,4.412e-21,38.3271,0.0008,59095.215942999996,44.14003998657663,0.2812256344178178,False,0.2175085502303015,0.02011305350341801,0.02360738684145404,0.022218664601835927,0.02606660663949899,0.022218664601835927,1.5623057340967328,-2.19,0.09,6,1.47,0.03,3.46,2.78,2.21,2.01,1.71,1.39,1.19,0.99,0.11,0.15,0.1,0.06,0.07,0.05,0.1,0.06,944.609375,1041.578125,1138.546875,1235.515625,1332.484375,1429.453125,1526.421875,1623.390625
J0557+1550,False,skl+15,192.68400000000003,-4.309,0.0025563670767829,7.352e-21,102.57,0.0012,59095.225274000004,25.60442403163761,1.0480119681427165,False,0.2729711793000252,0.02372717377461105,0.03177831314156242,0.10682391158378599,0.004424204650086736,0.10682391158378599,3.845803587976198,-2.0,0.3,6,0.067,0.005,0.14,0.125,0.1,0.096,0.078,0.063,0.057,0.043,0.02,0.011000000000000001,0.013999999999999999,0.015,0.011000000000000001,0.01,0.013999999999999999,0.009000000000000001,944.609375,1041.578125,1138.546875,1235.515625,1332.484375,1429.453125,1526.421875,1623.390625
J0557-2948,False,kmlk+18,235.47,-23.989,0.0436426388999,7.200000000000001e-20,49.033,0.002,58753.172864,1.1195333333333335,1.7104858159793863,False,0.1732592064257507,0.02271438171303476,-0.01528860129676436,0.08800258114107351,0.012999571961182349,0.08800258114107351,5.610114279966957,-2.2,0.2,6,0.046,0.002,0.111,0.091,0.07200000000000001,0.061,0.047,0.045,0.04,0.03,0.008,0.009000000000000001,0.006999999999999999,0.005,0.006,0.006999999999999999,0.002,0.004,944.609375,1041.578125,1138.546875,1235.515625,1332.484375,1429.453125,1526.421875,1623.390625
J0610-2100,True,bjd+06,227.747,-18.184,0.0038613247661934,1.2326e-20,60.6865,0.0003,58833.810842,33.739652531665556,0.19614405575856309,False,0.7115674783724584,0.020034805267657448,-0.04864272377210813,0.02279819321639513,0.045233170189184095,0.02279819321639513,0.775162810772112,-1.24,0.14,38,0.65,0.02,1.06,0.95,0.85,0.85,0.66,0.69,0.61,0.53,0.05,0.05,0.05,0.09,0.05,0.08,0.06,0.04,944.609375,1041.578125,1138.546875,1235.515625,1332.484375,1429.453125,1526.421875,1623.390625
J0613-0200,True,lnl+95,210.41299999999998,-9.305,0.003062,9.590000000000002e-21,38.775,0.0005,58595.456949,18.370831440823906,0.2114427384121504,False,0.1892822462201066,0.02000533050989571,0.002792397777411145,0.021013977137677824,0.029331893481534643,0.021013977137677824,0.17986589844102455,-2.09,0.13,36,2.15,0.07,4.7,3.8,3.6,3.0,2.6,2.1,1.7,1.49,0.3,0.2,0.2,0.2,0.2,0.2,0.12,0.13,944.609375,1041.578125,1138.546875,1235.515625,1332.484375,1429.453125,1526.421875,1623.390625
J0614-3329,True,rrc+11,240.50099999999998,-21.826999999999998,0.0031486695794485,1.7389e-20,37.05245,0.00014,58753.185515,38.92943344082763,0.19840431538665487,False,0.313594560319128,0.02004911016459612,-0.01103892382739874,0.02244454654802111,0.0239372724046609,0.02244454654802111,0.5227638244773122,-1.7,0.2,39,0.68,0.04,1.31,1.15,1.0,0.95,0.72,0.59,0.65,0.49,0.1,0.09,0.11,0.11,0.1,0.08,0.12,0.09,944.609375,1041.578125,1138.546875,1235.515625,1332.484375,1429.453125,1526.421875,1623.390625
J0621+1002,False,cnst96,200.57,-2.013,0.0288538611940575,4.7300000000000005e-20,36.5533,0.0007,58807.033693,52.030750846236344,0.17427614647874648,False,0.20766325426153454,0.020036686212961997,-0.16154037182495554,0.02328932119811755,0.14036591880224533,0.02328932119811755,1.0657987349471405,-2.4,0.3,6,1.72,0.14,4.4,3.6,3.0,2.4,2.0,1.7,1.4,1.1,0.2,0.3,0.4,0.3,0.4,0.4,0.3,0.2,944.609375,1041.578125,1138.546875,1235.515625,1332.484375,1429.453125,1526.421875,1623.390625
J0621+2514,False,san16,187.12,5.073,0.0027217879391872,2.4830000000000002e-20,83.633,0.003,59034.339179999995,10.558632004255141,1.763409284556796,False,0.6417617778855916,0.02604208941394802,0.07808464624374327,0.13539627981553184,0.022691318363596474,0.13539627981553184,10.60701530346333,-1.5,0.2,6,0.079,0.003,0.139,0.126,0.11599999999999999,0.087,0.068,0.08,0.068,0.076,0.013000000000000001,0.006,0.009000000000000001,0.008,0.006999999999999999,0.006,0.009000000000000001,0.011000000000000001,944.609375,1041.578125,1138.546875,1235.515625,1332.484375,1429.453125,1526.421875,1623.390625
J0636-3044,True,mbc+19,239.52599999999998,-16.416,0.003945734758856,1.9782e-20,15.4589,0.0004,59088.250120000004,36.86125900438356,0.20779238990520665,False,0.4074528737796703,0.02001377936339468,0.02261667524816368,0.02040181350438412,0.0636736683277918,0.02040181350438412,1.91803378288146,-0.9,0.5,25,1.51,0.14,2.4,1.7,1.9,1.8,1.5,1.5,1.5,1.3,0.8,0.4,0.5,0.5,0.4,0.4,0.3,0.3,944.609375,1041.578125,1138.546875,1235.515625,1332.484375,1429.453125,1526.421875,1623.390625
J0709+0458,False,mgf+19,210.498,6.2,0.0344289781774586,3.804e-19,44.273,0.003,58961.674898000005,41.9704335315536,0.554987546740498,False,0.2116636371026268,0.02035224896630739,0.03580751119806736,0.03431170735010547,0.02471253592902552,0.03431170735010547,4.347521596264532,-1.52,0.11,6,0.256,0.007,0.45,0.43,0.36,0.31,0.29,0.257,0.21,0.185,0.02,0.03,0.04,0.02,0.02,0.01,0.02,0.013999999999999999,944.609375,1041.578125,1138.546875,1235.515625,1332.484375,1429.453125,1526.421875,1623.390625
J0711-6830,True,bjb+97,279.531,-23.28,0.005490968507655532,1.4907399999999998e-20,18.4096,0.0002,59163.153142999996,23.861287623742484,0.2554622335930549,False,0.1455865342961347,0.020005489801909748,-0.1462382250589828,0.0204712505546821,0.1401131495376521,0.0204712505546821,0.7571582458057436,-1.7,0.4,40,2.6,0.3,6.4,3.6,3.3,4.1,4.0,3.1,2.5,1.9,1.2,0.6,0.6,1.4,2.0,0.9,0.8,0.3,944.609375,1041.578125,1138.546875,1235.515625,1332.484375,1429.453125,1526.421875,1623.390625
J0721-2038,False,bkl+13,234.669,-2.9219999999999997,0.015542394974,4.3e-20,76.093,0.006,58753.218532000006,-18.41958108484588,0.4140217685277128,False,0.2716728261838877,0.020458011899722545,-0.1848992447301381,0.040015907343361586,0.1625859520770297,0.040015907343361586,5.690179074539549,-1.72,0.09,6,0.273,0.006,0.55,0.45,0.377,0.33,0.301,0.264,0.245,0.214,0.02,0.02,0.012,0.02,0.013999999999999999,0.012,0.015,0.012,944.609375,1041.578125,1138.546875,1235.515625,1332.484375,1429.453125,1526.421875,1623.390625
J0732+2314,False,mgf+19,195.93099999999998,19.035,0.00409,6e-21,44.67,0.003,59102.313191999994,-3.0995276198518296,1.7625195398050046,False,0.2165053977434601,0.020252838124652468,0.17643694652149508,0.0323804706647564,0.15714077299689425,0.0323804706647564,5.854679807397642,-1.3,0.5,6,0.73,0.08,1.5,0.9,1.4,0.8,0.55,0.8,0.8,0.7,0.4,0.2,0.3,0.2,0.11,0.3,0.2,0.2,944.609375,1041.578125,1138.546875,1235.515625,1332.484375,1429.453125,1526.421875,1623.390625
J0737-3039A,False,bdap+03,245.236,-4.505,0.022451,1.72e-18,48.916000000000004,0.002,58831.822323,120.46325888828535,0.036386018743468085,False,0.3322821013373847,0.02000039927807196,-0.008805518561527021,0.020200287377941918,0.03642089756885224,0.020200287377941918,1.0723187531605791,-1.86,0.13,10,3.06,0.07,6.2,5.3,4.6,3.9,3.4,3.0,2.6,2.28,0.5,0.4,0.3,0.2,0.2,0.2,0.2,0.13,944.609375,1041.578125,1138.546875,1235.515625,1332.484375,1429.453125,1526.421875,1623.390625
J0751+1807,False,lzc95,202.73,21.086,0.00347877083927943,7.787399999999999e-21,30.2409,0.0006,59034.357476,41.58486030674437,0.18135642073715647,False,0.2714048616810252,0.02008264963819303,-0.09539875209077013,0.024185047954538682,0.09597209795002253,0.024185047954538682,0.5030660358592477,-1.1,0.2,6,1.35,0.06,1.9,1.9,1.7,1.69,1.69,1.14,1.1,1.13,0.2,0.2,0.2,0.13,0.15,0.09,0.2,0.14,944.609375,1041.578125,1138.546875,1235.515625,1332.484375,1429.453125,1526.421875,1623.390625
J0824+0028,False,dsm+13,223.577,20.789,0.0098613486703673,1.4689e-19,34.5473,0.0012,58961.681189999996,38.72029724654959,0.3062686801559124,False,0.4272655560422893,0.020337771901548347,0.06367651308777178,0.035568862460343305,0.07735702265442204,0.035568862460343305,3.447115504410476,-2.2,0.14,6,0.51,0.02,1.19,0.97,0.87,0.73,0.55,0.45,0.42,0.39,0.08,0.06,0.07,0.09,0.04,0.05,0.02,0.04,944.609375,1041.578125,1138.546875,1235.515625,1332.484375,1429.453125,1526.421875,1623.390625
J0900-3144,True,bjd+06,256.16200000000003,9.486,0.0111096493380938,4.8879999999999994e-20,75.6862,0.0007,59062.396839,85.42516503199822,0.0468530040329861,False,0.3816002601721129,0.02000292358080764,0.08866237209119546,0.020332166499296457,0.09848807423214102,0.020332166499296457,0.5783348121733666,-1.3,0.04,39,3.84,0.03,6.07,5.67,5.25,4.76,4.27,3.8,3.37,2.94,0.1,0.11,0.1,0.09,0.08,0.07,0.06,0.07,944.609375,1041.578125,1138.546875,1235.515625,1332.484375,1429.453125,1526.421875,1623.390625
J0921-5202,False,mlb+12,273.776,-1.4469999999999998,0.009679813614785,1.6899999999999998e-20,122.71,0.003,58807.218614,-179.07050428187532,1.1168852226728596,False,0.3150317842069021,0.021659456912214426,0.029599212709232138,0.07089984964246564,0.005816614883032395,0.07089984964246564,8.254051948382926,-1.6,0.2,8,0.189,0.007,0.34,0.3,0.29,0.24,0.19,0.18,0.157,0.158,0.03,0.02,0.03,0.02,0.02,0.02,0.013000000000000001,0.013999999999999999,944.609375,1041.578125,1138.546875,1235.515625,1332.484375,1429.453125,1526.421875,1623.390625
J0931-1902,True,lsg15,250.99900000000002,23.054000000000002,0.0046380293914294185,3.6285000000000006e-21,41.49,0.0005,59018.659727,-100.24534816112944,0.20356066019226604,False,0.3444523834677278,0.020070206718011255,0.014350719421834197,0.02360668083708424,0.029643387177188306,0.02360668083708424,0.9572572905293862,-2.4,0.3,22,0.52,0.04,1.3,1.14,0.82,0.6,0.7,0.56,0.41,0.36,0.2,0.13,0.15,0.12,0.2,0.13,0.08,0.06,944.609375,1041.578125,1138.546875,1235.515625,1332.484375,1429.453125,1526.421875,1623.390625
J0955-6150,True,ckr+15,283.685,-5.737,0.00199936049273833,1.42409e-20,160.8997,0.0002,58763.101664999995,-48.76096168166381,1.3266753413025896,False,0.042827622967096524,0.0200171558642954,0.005398296256213921,0.020755887994557003,0.08100883596511246,0.020755887994557003,1.0154634022392075,-3.18,0.08,67,0.639,0.012,2.16,1.64,1.28,1.01,0.77,0.6,0.47,0.38,0.07,0.06,0.05,0.04,0.03,0.03,0.02,0.02,944.609375,1041.578125,1138.546875,1235.515625,1332.484375,1429.453125,1526.421875,1623.390625
J1012-4235,True,ckr+15,274.218,11.225,0.0031011412937375,6.3800000000000005e-21,71.6515,0.0003,59104.294628999996,61.80371456787723,0.461334713965224,False,0.19776850359022602,0.02012752749636381,0.01984318937691479,0.027829757897436608,0.04077203780712933,0.027829757897436608,0.8241621555645221,-1.33,0.11,40,0.258,0.006,0.44,0.38,0.34,0.32,0.27,0.252,0.23,0.21,0.02,0.02,0.02,0.02,0.02,0.013000000000000001,0.013000000000000001,0.02,944.609375,1041.578125,1138.546875,1235.515625,1332.484375,1429.453125,1526.421875,1623.390625
J1017-7156,True,kjb+12,291.558,-12.552999999999999,0.0023385144404038,2.208e-21,94.21473,0.0001,59126.281559,-63.36001932163955,0.07978912631545304,False,0.3790921141219584,0.0200012112094644,-0.20813175510962464,0.028451946070145537,0.2166230920088845,0.028451946070145537,0.06362947116800778,-2.01,0.11,53,1.09,0.03,2.3,2.02,1.74,1.44,1.21,1.05,0.91,0.79,0.12,0.1,0.1,0.07,0.06,0.06,0.05,0.05,944.609375,1041.578125,1138.546875,1235.515625,1332.484375,1429.453125,1526.421875,1623.390625
J1022+1001,True,cnst96,231.794,51.101000000000006,0.016453,4.33e-20,10.255,0.0008,58968.904072000005,1.8296217681080889,0.05087217080420652,False,0.6102625771121359,0.020000620325308645,-0.14240624699221546,0.02027934512578584,0.14059111767431426,0.02027934512578584,0.2948910622438692,-1.9,0.4,36,3.9,0.3,5.8,8.0,8.0,6.2,4.2,3.6,3.3,2.8,1.2,2.0,2.0,1.5,0.9,0.6,0.5,0.4,944.609375,1041.578125,1138.546875,1235.515625,1332.484375,1429.453125,1526.421875,1623.390625
J1024-0719,True,bjb+97,251.702,40.515,0.0051622046413,1.8563e-20,6.4864,0.0002,58968.907329999995,-2.8882006536245517,0.14247623667391335,False,0.6225455023187371,0.020026741709530827,0.027208271762186344,0.021688242050556368,0.032576054802734684,0.021688242050556368,0.7773702079418433,-1.8,0.4,36,1.5,0.08,2.6,2.6,2.1,1.9,1.7,1.5,1.3,1.07,0.6,0.6,0.5,0.4,0.2,0.2,0.2,0.12,944.609375,1041.578125,1138.546875,1235.515625,1332.484375,1429.453125,1526.421875,1623.390625
J1035-6720,False,cpw+18,290.371,-7.843,0.0028720063916971,4.6475e-20,84.166,0.011000000000000001,58665.496237,-53.211263654361886,3.043165962007329,False,0.6272346295002228,0.031780347072373615,0.09059599900268776,0.1955005742988743,0.059427350531371013,0.1955005742988743,15.082999822354381,-2.9,0.2,5,0.065,0.002,0.209,0.14400000000000002,0.12,0.087,0.084,0.05,0.057999999999999996,0.055999999999999994,0.013999999999999999,0.011000000000000001,0.02,0.015,0.006,0.003,0.006,0.006,944.609375,1041.578125,1138.546875,1235.515625,1332.484375,1429.453125,1526.421875,1623.390625
J1036-8317,True,ckr+15,298.943,-21.497,0.0034088045877229997,3.057e-20,27.0927,0.0002,58765.205185,12.907842468919528,0.2412880306811757,False,0.26157335941910026,0.020162019567355208,0.048439711363083934,0.030249020965618326,0.09311922718771057,0.030249020965618326,0.5798882673018464,-1.1,0.2,39,0.45,0.02,0.71,0.6,0.55,0.49,0.48,0.47,0.43,0.38,0.05,0.05,0.05,0.05,0.07,0.06,0.05,0.04,944.609375,1041.578125,1138.546875,1235.515625,1332.484375,1429.453125,1526.421875,1623.390625
J1038+0032,False,bjd+06,247.15200000000002,48.471000000000004,0.028851557951310003,6.7e-20,26.31,0.02,58961.687638999996,19.757258859831566,4.559563994032763,True,0.18055124390155056,0.02218000089774389,0.015065755563319362,0.08133859337908166,0.04619086398116362,0.08133859337908166,34.312319179154876,-2.1,0.5,6,0.102,0.012,0.22,0.17,0.23,0.17,0.11,0.12,0.11,0.051,0.06,0.03,0.08,0.06,0.02,0.04,0.03,0.013999999999999999,944.609375,1041.578125,1138.546875,1235.515625,1332.484375,1429.453125,1526.421875,1623.390625
J1045-4509,True,bhl+94,280.851,12.254000000000001,0.007474,1.7699999999999998e-20,58.1106,0.0006,59076.400270000006,94.4331797800412,0.08978346698359227,False,0.2244596971670791,0.02000554739269281,0.11625888507344745,0.020288036421664667,0.13202115937136402,0.020288036421664667,0.6428810931764827,-2.13,0.1,40,2.39,0.06,5.6,4.5,3.8,3.1,2.7,2.33,1.96,1.73,0.2,0.2,0.2,0.2,0.2,0.14,0.13,0.12,944.609375,1041.578125,1138.546875,1235.515625,1332.484375,1429.453125,1526.421875,1623.390625
J1056-7117,False,nbb+14,293.933,-10.458,0.026309676982400002,6.3e-20,92.904,0.005,58665.52684299999,-31.32062033999041,0.3479977384584879,False,0.1672349032262846,0.02028809842648381,-0.04425905841582675,0.033422971142771166,0.08411065382565967,0.033422971142771166,9.758093607613054,-2.2,0.2,6,0.5,0.02,1.2,0.99,0.77,0.69,0.54,0.45,0.43,0.35,0.12,0.1,0.07,0.07,0.06,0.06,0.05,0.04,944.609375,1041.578125,1138.546875,1235.515625,1332.484375,1429.453125,1526.421875,1623.390625
J1101-6424,True,ncb+15,291.41700000000003,-4.023,0.005109272983497,2.56e-21,207.3633,0.0005,59084.22031799999,-41.209069716995714,0.18243832021548745,False,0.21299538126708112,0.02004809003951264,-0.1423285211571468,0.02431320310168515,0.16370156207343686,0.02431320310168515,2.0712173484655585,-1.55,0.04,49,0.302,0.003,0.5489999999999999,0.478,0.42100000000000004,0.374,0.32799999999999996,0.295,0.264,0.231,0.008,0.008,0.008,0.006,0.005,0.006,0.006,0.006,944.609375,1041.578125,1138.546875,1235.515625,1332.484375,1429.453125,1526.421875,1623.390625
J1103-5403,True,kjr+11,287.421,5.529,0.0033927096589799997,4.01e-20,103.9114,0.0003,59235.136033,-67.72858883688649,0.35414999173527273,False,0.33105485357763714,0.02020132035076919,-0.185879617098904,0.03761454641531641,0.19009023356174248,0.03761454641531641,0.7932918435553528,-2.43,0.14,41,0.395,0.01,1.0,0.81,0.68,0.55,0.44,0.37,0.32,0.27,0.07,0.06,0.05,0.04,0.03,0.02,0.02,0.02,944.609375,1041.578125,1138.546875,1235.515625,1332.484375,1429.453125,1526.421875,1623.390625
J1120-3618,False,rb13,283.13599999999997,23.019000000000002,0.005557016673521999,5.6e-22,45.119,0.002,58834.001842,-48.18567716667409,8.262401282319807,True,0.08529843856005351,0.020784668690675183,-0.05838847634551286,0.05007934361423586,0.031241546230533736,0.05007934361423586,15.596876685790553,-1.9,0.3,6,0.3,0.02,0.59,0.51,0.46,0.43,0.29,0.29,0.19,0.28,0.08,0.06,0.05,0.05,0.03,0.03,0.05,0.06,944.609375,1041.578125,1138.546875,1235.515625,1332.484375,1429.453125,1526.421875,1623.390625
J1125-5825,True,kjvs+10,291.893,2.602,0.0031022139189235,6.09548e-20,124.8083,0.0004,58595.69268099999,-5.513906417990552,0.2372787109919472,False,0.2461005986596971,0.020046140150994245,-0.024722810742025158,0.024590890111339855,0.08556608322961327,0.024590890111339855,0.4519878253629571,-1.4,0.08,40,1.0,0.02,1.66,1.5,1.39,1.24,1.1,0.99,0.88,0.79,0.08,0.07,0.06,0.05,0.04,0.04,0.04,0.03,944.609375,1041.578125,1138.546875,1235.515625,1332.484375,1429.453125,1526.421875,1623.390625
J1125-6014,True,fsk+04,292.504,0.894,0.00263038078147648,3.7393e-21,52.929719999999996,4e-05,59055.397611,8.447968247320272,0.07898337471442961,False,0.3102143509737854,0.02000700204774991,0.0024486385485464565,0.020377599510108986,0.021833737498461164,0.020377599510108986,0.10004727094850084,-1.41,0.07,51,1.32,0.02,2.24,2.03,1.83,1.61,1.44,1.24,1.18,1.02,0.06,0.07,0.06,0.05,0.06,0.06,0.05,0.05,944.609375,1041.578125,1138.546875,1235.515625,1332.484375,1429.453125,1526.421875,1623.390625
J1142+0119,False,san16,267.54200000000003,59.4,0.0050752983064042,1.4989e-20,19.172,0.007,59000.668785,0.3064,0.11481637513874055,True,0.1607097987557082,0.029176840579046657,0.18156840863512871,0.17203539608864588,0.05753710663347316,0.17203539608864588,17.14280504356246,-1.7,0.4,6,0.045,0.005,0.068,0.12,0.08,0.07,0.05,0.035,0.033,0.037000000000000005,0.012,0.03,0.02,0.02,0.02,0.013000000000000001,0.006999999999999999,0.01,944.609375,1041.578125,1138.546875,1235.515625,1332.484375,1429.453125,1526.421875,1623.390625
J1157-5112,False,eb01,294.283,10.694,0.043588840999999996,6.19e-16,39.724000000000004,0.003,58698.509797000006,-4.456913331104875,0.11671393721955164,False,0.4714094819155912,0.020030981099046486,0.03477489139939074,0.021816691379449527,0.035795663626430316,0.021816691379449527,6.854895749398004,-2.8,0.4,21,0.192,0.015,0.46,0.48,0.47,0.31,0.23,0.2,0.15,0.11,0.09,0.11,0.11,0.06,0.05,0.04,0.03,0.02,944.609375,1041.578125,1138.546875,1235.515625,1332.484375,1429.453125,1526.421875,1623.390625
J1207-5050,False,rap+12,295.861,11.422,0.0048427573228027,6.0690000000000004e-21,50.64,0.002,58834.026549,-13.180383564345572,1.1595385550976804,False,0.2787165714708533,0.02031760883823793,-0.07397360577183518,0.03691181978463546,0.06309949362002226,0.03691181978463546,3.513709234589668,-2.1,0.3,7,0.39,0.03,0.87,0.7,0.65,0.63,0.43,0.38,0.31,0.24,0.08,0.08,0.08,0.13,0.07,0.07,0.1,0.05,944.609375,1041.578125,1138.546875,1235.515625,1332.484375,1429.453125,1526.421875,1623.390625
J1216-6410,True,fsk+04,299.096,-1.561,0.0035393757133012,1.5909999999999999e-21,47.3933,0.0002,58557.204338999996,-21.992783977041167,0.264767590133885,False,0.2594156623845776,0.02003749022503724,-0.0784843732532064,0.02651483419396968,0.09052805870755244,0.02651483419396968,0.26877107957314983,-2.0,0.07,41,1.15,0.02,2.46,2.11,1.76,1.53,1.29,1.11,0.97,0.81,0.07,0.07,0.06,0.05,0.05,0.05,0.04,0.03,944.609375,1041.578125,1138.546875,1235.515625,1332.484375,1429.453125,1526.421875,1623.390625
J1227-6208,False,btb+15,300.082,0.591,0.034527834647830005,1.868e-19,362.913,0.003,59131.503368,47.31716641837435,0.1835201404841057,False,0.13561264188341268,0.020042067487967538,-0.11061821541640456,0.024041443549840967,0.09893354723481627,0.024041443549840967,4.118951031718957,-2.2,0.03,23,0.272,0.002,0.612,0.528,0.447,0.373,0.312,0.257,0.213,0.182,0.006999999999999999,0.005,0.005,0.004,0.005,0.003,0.004,0.005,944.609375,1041.578125,1138.546875,1235.515625,1332.484375,1429.453125,1526.421875,1623.390625
J1231-1411,True,rrc+11,295.531,48.385,0.0036838787108858,2.2625999999999998e-20,8.0884,0.0004,59192.21582899999,11.578024957033445,0.19038084765222002,False,0.4406861919561256,0.0202105811211424,-0.04853863463773126,0.030688988019501942,0.0394999440058035,0.030688988019501942,3.0692334660670384,-1.9,0.4,12,0.29,0.02,0.7,0.5,0.41,0.36,0.31,0.26,0.23,0.23,0.2,0.12,0.1,0.08,0.06,0.05,0.05,0.03,944.609375,1041.578125,1138.546875,1235.515625,1332.484375,1429.453125,1526.421875,1623.390625
J1300+1240,False,wol90a,311.31,75.414,0.00621853194840048,1.143341e-19,10.1658,0.0009,58962.960666,8.962134384122779,0.7830157439231227,False,0.4180027704986657,0.02033384768139297,0.010709325360734769,0.03634407518844823,0.11816718543128135,0.03634407518844823,3.8729883832134298,-1.7,0.7,6,0.39,0.07,0.9,0.62,0.54,0.7,0.4,0.3,0.4,0.27,0.2,0.08,0.1,0.3,0.2,0.2,0.2,0.12,944.609375,1041.578125,1138.546875,1235.515625,1332.484375,1429.453125,1526.421875,1623.390625
J1302-3258,False,hrm+11,305.58799999999997,29.838,0.003771,6.92e-21,26.186,0.0007,59084.495945,-29.5941406869064,1.0982288740580517,False,0.4289619213904189,0.020962085312688655,-0.07888542896837956,0.05899786833796161,0.034024900066279035,0.05899786833796161,2.568391379079201,-2.4,0.8,6,0.17,0.02,0.5,0.4,0.3,0.23,0.11,0.12,0.19,0.23,0.2,0.2,0.2,0.06,0.03,0.03,0.06,0.09,944.609375,1041.578125,1138.546875,1235.515625,1332.484375,1429.453125,1526.421875,1623.390625
J1312+0051,False,san16,314.842,63.227,0.0042280189916604,1.7528e-20,15.3417,0.0014,59227.125633,2.440431410702652,1.2447381328051534,False,0.6166352305256931,0.021242397093936945,-0.007983141963420601,0.056272162793787835,0.010268772936292915,0.056272162793787835,4.197051967405467,-1.3,0.4,6,0.19,0.02,0.32,0.26,0.24,0.28,0.15,0.17,0.2,0.15,0.04,0.05,0.05,0.05,0.03,0.03,0.04,0.05,944.609375,1041.578125,1138.546875,1235.515625,1332.484375,1429.453125,1526.421875,1623.390625
J1327-0755,True,blr+13,318.383,53.847,0.00267792319709,1.9000000000000003e-21,27.9068,0.0003,59133.381302,-0.2657615384615384,0.540305449936209,True,0.14553934692045678,0.02031778514499416,0.04085028348655437,0.03495192888401797,0.08402102084149138,0.03495192888401797,1.0467320969051046,-2.6,0.4,24,0.19,0.015,0.52,0.42,0.31,0.31,0.19,0.16,0.15,0.14,0.1,0.08,0.09,0.06,0.05,0.03,0.03,0.03,944.609375,1041.578125,1138.546875,1235.515625,1332.484375,1429.453125,1526.421875,1623.390625
J1337-6423,False,kjb+12,307.889,-1.9580000000000002,0.009423406717796973,2.4775229229e-20,259.89099999999996,0.008,58576.04204099999,-108.28164531358252,0.8988707290776532,False,0.16628640514871226,0.02070670952247943,0.025184139851150512,0.05546616659536421,0.004760860424693086,0.05546616659536421,5.8639613769924175,-1.86,0.08,6,0.273,0.005,0.55,0.49,0.42,0.35,0.303,0.27,0.22899999999999998,0.204,0.02,0.02,0.02,0.02,0.013000000000000001,0.02,0.006999999999999999,0.013000000000000001,944.609375,1041.578125,1138.546875,1235.515625,1332.484375,1429.453125,1526.421875,1623.390625
J1400-1431,False,rsm+13,326.986,45.086999999999996,0.00308423326039194,7.2333e-21,4.9319,0.0002,58855.241196,5.10939985443861,3.3687613339030116,True,0.15524059320109224,0.020448550247362987,0.0021193110042153646,0.04168814825793856,0.007750591975544468,0.04168814825793856,2.036396350848087,-3.5,0.5,6,0.17,0.02,0.6,0.46,0.35,0.3,0.22,0.16,0.11,0.1,0.2,0.14,0.12,0.1,0.07,0.04,0.02,0.02,944.609375,1041.578125,1138.546875,1235.515625,1332.484375,1429.453125,1526.421875,1623.390625
J1405-4656,False,btb+15,315.91,14.054,0.00760220343271,2.4e-20,13.885,0.003,59031.75265,-4.9638770598199855,1.128488171250838,False,0.3036911881394269,0.020207181168081047,0.03596012782989362,0.034285020834040364,0.025586639446586984,0.034285020834040364,16.618823185504507,-4.0,0.6,7,0.31,0.04,1.1,1.3,0.8,0.6,0.4,0.31,0.18,0.17,0.3,0.3,0.2,0.2,0.2,0.11,0.05,0.07,944.609375,1041.578125,1138.546875,1235.515625,1332.484375,1429.453125,1526.421875,1623.390625
J1420-5625,False,hfs+04,315.002,4.349,0.034117130840669994,6.8e-20,64.485,0.005,59084.520102999995,32.961955469613905,0.6919352422555296,False,0.3261411208481241,0.020749520206924485,0.11249307692931937,0.052237646595278873,0.08206458939406637,0.052237646595278873,13.995576943486974,-1.2,0.2,7,0.121,0.004,0.18,0.16699999999999998,0.163,0.142,0.122,0.114,0.10800000000000001,0.11,0.02,0.011000000000000001,0.01,0.015,0.011000000000000001,0.01,0.006,0.02,944.609375,1041.578125,1138.546875,1235.515625,1332.484375,1429.453125,1526.421875,1623.390625
J1421-4409,True,kbj+18,319.497,15.809000000000001,0.0063857288374463,1.2297999999999999e-20,54.6403,0.0005,58595.733242999995,-24.27757654342854,0.5648690729071949,False,0.16721391067737962,0.02005755930127984,0.029008042230469763,0.02157236671333838,0.10181893420890846,0.02157236671333838,1.1935840637387896,-1.49,0.13,38,1.26,0.04,2.19,1.99,1.81,1.54,1.34,1.24,1.13,0.93,0.11,0.11,0.11,0.09,0.08,0.08,0.08,0.08,944.609375,1041.578125,1138.546875,1235.515625,1332.484375,1429.453125,1526.421875,1623.390625
J1431-4715,False,btb+15,320.051,12.253,0.00201195344253543,1.4116399999999998e-20,59.3473,0.0009,58730.696944,13.253061205203386,0.18160559462747825,False,0.33077772133906497,0.020111810652879883,0.028548715579606407,0.04263414596742197,0.023166749403586758,0.04263414596742197,0.6815081968593595,-1.0,0.2,6,0.67,0.02,0.94,0.87,0.86,0.76,0.86,0.68,0.56,0.6,0.08,0.05,0.06,0.09,0.07,0.06,0.03,0.2,944.609375,1041.578125,1138.546875,1235.515625,1332.484375,1429.453125,1526.421875,1623.390625
J1431-5740,True,bbb+13,315.962,2.66,0.004110543956535,6.422e-21,131.3766,0.0006,58938.956102,-42.22439282935483,0.4226264955473291,False,0.1888111444375356,0.02012920051477555,-0.2822114273863982,0.031649160114018964,0.2654597316348695,0.031649160114018964,1.054054785243579,-1.31,0.08,40,0.359,0.006,0.55,0.52,0.49,0.46,0.39799999999999996,0.353,0.317,0.275,0.02,0.02,0.02,0.02,0.013999999999999999,0.013000000000000001,0.012,0.011000000000000001,944.609375,1041.578125,1138.546875,1235.515625,1332.484375,1429.453125,1526.421875,1623.390625
J1435-6100,True,clm+01,315.186,-0.6409999999999999,0.009347972217375999,2.4375e-20,113.7819,0.0002,58860.93210700001,-53.729380280789464,0.12039029858212767,False,0.2340960489561829,0.020037681638962454,0.06803551944963428,0.02374456533812077,0.06407036798185399,0.02374456533812077,0.7369247301084509,-1.37,0.07,49,0.313,0.005,0.521,0.474,0.431,0.38,0.349,0.312,0.275,0.23399999999999999,0.013000000000000001,0.013000000000000001,0.013000000000000001,0.02,0.013000000000000001,0.012,0.012,0.01,944.609375,1041.578125,1138.546875,1235.515625,1332.484375,1429.453125,1526.421875,1623.390625
J1439-5501,False,fsk+04,318.097,4.63,0.028634888190455003,1.418e-19,14.565,0.008,58595.752391999995,-7.879051102285532,0.4105833761247525,False,0.2926634841880009,0.020211528567397385,-0.05529675139994107,0.032260966345053294,0.08419159349677854,0.032260966345053294,2.5989590307840875,-2.8,0.4,11,0.38,0.04,1.18,1.3,0.69,0.42,0.46,0.55,0.36,0.26,0.14,0.3,0.08,0.05,0.14,0.15,0.09,0.07,944.609375,1041.578125,1138.546875,1235.515625,1332.484375,1429.453125,1526.421875,1623.390625
J1446-4701,True,kjb+12,322.5,11.425,0.0021946957808826,9.801500000000001e-21,55.82787,5.9999999999999995e-05,59263.947285,-9.638662231988562,0.2265759977151324,False,0.37862585893913,0.020203423429521663,-0.10496677868421528,0.03225728795406347,0.09878083410436744,0.03225728795406347,0.4253461178171473,-2.0,0.2,39,0.36,0.02,0.86,0.61,0.52,0.52,0.41,0.37,0.31,0.24,0.08,0.05,0.05,0.08,0.05,0.04,0.06,0.04,944.609375,1041.578125,1138.546875,1235.515625,1332.484375,1429.453125,1526.421875,1623.390625
J1453+1902,False,lmcs07,23.395,60.812,0.0057923027385756,1.167e-20,14.057,0.002,59227.151562,3.2497256138743578,0.5817597454976423,False,0.5172895998246697,0.02163882485120571,-0.004383601160740981,0.08031882419908193,0.014796481134893303,0.08031882419908193,5.4254145781674366,1.3,0.5,6,0.16,0.02,0.06,0.14,0.12,0.15,0.16,0.17,0.18,0.15,0.02,0.03,0.03,0.04,0.04,0.04,0.04,0.04,944.609375,1041.578125,1138.546875,1235.515625,1332.484375,1429.453125,1526.421875,1623.390625
J1454-5846,False,clm+01,318.272,0.391,0.04524877299807,8.1507e-19,116.09100000000001,0.002,58849.418073,84.31028147674742,0.7685366783475208,False,0.08292744645751066,0.02005922479524257,-0.005350833927536303,0.02621303953827969,0.012749949916667105,0.02621303953827969,11.203094916663847,-1.42,0.07,15,0.299,0.004,0.511,0.455,0.40700000000000003,0.368,0.326,0.294,0.256,0.213,0.013000000000000001,0.012,0.009000000000000001,0.013000000000000001,0.009000000000000001,0.008,0.011000000000000001,0.013999999999999999,944.609375,1041.578125,1138.546875,1235.515625,1332.484375,1429.453125,1526.421875,1623.390625
J1455-3330,True,lnl+95,330.722,22.561999999999998,0.0079872048061115,2.428e-20,13.5697,0.0002,58813.303414999995,14.70852201431932,0.8343200259381108,False,0.17792122822994005,0.02001758111676924,-0.03488114615484664,0.023747814276490312,0.04978957819544054,0.023747814276490312,0.987247317802772,-2.2,0.3,37,0.73,0.04,1.9,1.4,1.1,0.96,0.78,0.69,0.59,0.54,0.4,0.2,0.2,0.13,0.12,0.12,0.09,0.07,944.609375,1041.578125,1138.546875,1235.515625,1332.484375,1429.453125,1526.421875,1623.390625
J1502-6752,False,kjb+12,314.79900000000004,-8.067,0.026744423766999998,3.147e-19,152.24200000000002,0.006,58855.203422000006,232.81360880806588,0.2120976588700321,False,0.38152773114995225,0.02033889759800208,-0.1583233756911341,0.03872822608444067,0.11678545337715865,0.03872822608444067,18.282442628322325,-1.3,0.2,6,0.87,0.02,1.36,1.26,1.17,1.04,0.95,0.84,0.8,0.66,0.12,0.09,0.12,0.08,0.04,0.04,0.06,0.06,944.609375,1041.578125,1138.546875,1235.515625,1332.484375,1429.453125,1526.421875,1623.390625
J1513-2550,True,san16,338.82,26.964000000000002,0.00211906756632,1.4799999999999998e-20,46.8765,0.0003,59096.794236,,,True,-0.007291025942833906,0.020222276209218626,0.07817002442099502,0.03049066517995172,0.055711224356970006,0.03049066517995172,0.7947794348671204,-3.8,0.2,13,0.308,0.012,1.4,0.94,0.68,0.52,0.37,0.28,0.24,0.17,0.2,0.11,0.08,0.06,0.03,0.02,0.02,0.02,944.609375,1041.578125,1138.546875,1235.515625,1332.484375,1429.453125,1526.421875,1623.390625
J1514-4946,True,kcj+12,325.249,6.807,0.0035893366796731,1.8659999999999998e-20,31.008570000000002,8e-05,59083.595298,34.56179620269583,1.6077513065013669,False,0.6498644651154071,0.020734210849039682,-0.03491299542623158,0.05055302677713844,0.035932415136177766,0.05055302677713844,0.6633435448405843,0.4,0.6,7,0.25,0.03,0.26,0.19,0.23,0.24,0.28,0.23,0.22,0.31,0.07,0.04,0.06,0.04,0.07,0.06,0.08,0.11,944.609375,1041.578125,1138.546875,1235.515625,1332.484375,1429.453125,1526.421875,1623.390625
J1525-5545,True,nbb+14,323.439,0.851,0.011359881791948,1.2981e-19,126.964,0.0014,58813.313104999994,2.9001026060126605,0.2710596748943702,False,0.1341016595660207,0.02002142710506671,0.008294715087919917,0.02218903255355228,0.08956460820170467,0.02218903255355228,1.5074226151988288,-1.4,0.07,45,0.426,0.006,0.71,0.65,0.59,0.52,0.47,0.42,0.377,0.332,0.02,0.02,0.02,0.02,0.02,0.02,0.013000000000000001,0.011000000000000001,944.609375,1041.578125,1138.546875,1235.515625,1332.484375,1429.453125,1526.421875,1623.390625
J1529-3828,False,nbb+14,333.88599999999997,14.728,0.00848628211574,2.7400000000000007e-20,73.655,0.002,59083.57165700001,-30.11395329387814,7.852179350148478,False,0.15941469112440992,0.020800691428365027,0.09020741698820284,0.052110946404304984,0.03256072082607658,0.052110946404304984,12.313235390786554,-2.0,0.4,6,0.27,0.02,0.56,0.5,0.43,0.34,0.27,0.25,0.27,0.19,0.13,0.1,0.09,0.1,0.05,0.03,0.05,0.02,944.609375,1041.578125,1138.546875,1235.515625,1332.484375,1429.453125,1526.421875,1623.390625
J1536-4948,False,rap+12,328.19800000000004,4.789,0.00307991405840398,2.1209000000000002e-20,37.998000000000005,0.008,58896.952848,,,True,0.037430415752777516,0.030078794157393562,0.04977459554910353,0.19561318568398184,-0.004979635596707748,0.19561318568398184,12.8663115346731,-3.2,0.6,5,0.087,0.01,0.29,0.21,0.17,0.16,0.085,0.05,0.1,0.08,0.1,0.08,0.02,0.03,0.013000000000000001,0.02,0.05,0.03,944.609375,1041.578125,1138.546875,1235.515625,1332.484375,1429.453125,1526.421875,1623.390625
J1537+1155,False,wol91a,19.848,48.341,0.03790444117830463,2.422494e-18,11.607999999999999,0.003,59227.189326,7.684303448905977,0.491969461328648,False,0.2486007852781997,0.020180998278232075,0.012391968418020635,0.029973991049898768,0.036483239961894016,0.029973991049898768,6.339496677442857,-1.1,0.6,6,0.46,0.07,0.8,0.46,0.6,1.1,0.8,0.6,0.5,0.26,0.3,0.12,0.2,0.4,0.4,0.3,0.2,0.08,944.609375,1041.578125,1138.546875,1235.515625,1332.484375,1429.453125,1526.421875,1623.390625
J1537-5312,False,ccb+20,326.351,1.935,0.0069270955083833,1.588e-20,117.68700000000001,0.004,59083.61924,-37.41308515142776,0.8246409146619095,False,0.21119944981509384,0.020751758080874,-0.06704092373418817,0.057860972042147275,0.0322844398981112,0.057860972042147275,7.061030270454947,-2.3,0.3,9,0.32,0.02,0.74,0.64,0.54,0.44,0.38,0.32,0.27,0.21,0.1,0.08,0.07,0.06,0.05,0.04,0.04,0.03,944.609375,1041.578125,1138.546875,1235.515625,1332.484375,1429.453125,1526.421875,1623.390625
J1543-5149,True,kjb+12,327.921,2.479,0.002056960392414,1.617e-20,50.982,0.0004,58693.763313999996,-27.111892683482388,2.2321120596069006,False,0.07468388445709513,0.020065512162086185,0.04527865426328055,0.02481308058571256,0.06313508839113588,0.02481308058571256,1.0492107223106646,-3.2,0.15,38,0.82,0.03,2.9,2.09,1.67,1.26,1.01,0.77,0.6,0.51,0.2,0.14,0.13,0.1,0.08,0.06,0.05,0.05,944.609375,1041.578125,1138.546875,1235.515625,1332.484375,1429.453125,1526.421875,1623.390625
J1545-4550,True,bbb+13,331.892,6.9879999999999995,0.003575,5.25e-20,68.3884,0.0002,59126.365562,2.9876835905485373,0.10624410001970301,False,0.5010326099736105,0.020025705084377857,-0.12305317693286776,0.03058386476834033,0.13912372156980266,0.03058386476834033,0.3142769333830797,-1.29,0.12,48,1.07,0.03,1.76,1.53,1.49,1.27,1.09,0.99,0.97,0.94,0.09,0.09,0.09,0.06,0.06,0.06,0.08,0.08,944.609375,1041.578125,1138.546875,1235.515625,1332.484375,1429.453125,1526.421875,1623.390625
J1546-5925,False,mlb+12,323.575,-3.767,0.007797,1.6100000000000002e-20,168.282,0.003,58834.099496,-37.146934595938255,15.268387528983913,False,0.21909941051828824,0.021479965079625168,0.0749450464996595,0.07987952708203222,0.03921962394799538,0.07987952708203222,6.554094147996932,-1.3,0.2,6,0.269,0.012,0.42,0.45,0.34,0.28,0.31,0.24,0.25,0.25,0.04,0.04,0.02,0.04,0.04,0.02,0.05,0.03,944.609375,1041.578125,1138.546875,1235.515625,1332.484375,1429.453125,1526.421875,1623.390625
J1547-5709,True,ccb+20,325.07599999999996,-2.052,0.0042911460641943,7.318e-21,95.7221,0.0004,58966.022942999996,119.74901265233841,0.3573595554184165,False,0.2136177579212601,0.02032933912652327,-0.05836290426605021,0.03997122880726922,0.038130803990210106,0.03997122880726922,1.5330261936120029,-2.04,0.12,39,0.343,0.009,0.74,0.64,0.54,0.45,0.38,0.33,0.29,0.25,0.04,0.04,0.03,0.03,0.02,0.02,0.02,0.02,944.609375,1041.578125,1138.546875,1235.515625,1332.484375,1429.453125,1526.421875,1623.390625
J1552-4937,False,fsk+04,330.342,3.372,0.006284311381270001,1.947e-20,113.803,0.002,58844.483638,-30.036541390568146,8.793976894537913,False,0.10624512758935674,0.02063548823936206,0.016784476815819828,0.05810247834327145,-0.0038724268259019493,0.05810247834327145,4.751982300611551,-2.6,0.2,6,0.34,0.02,0.91,0.7,0.61,0.48,0.4,0.32,0.28,0.21,0.09,0.08,0.06,0.06,0.06,0.04,0.04,0.03,944.609375,1041.578125,1138.546875,1235.515625,1332.484375,1429.453125,1526.421875,1623.390625
J1600-3053,True,jbo+07,344.09,16.451,0.0035979285105905,9.4871e-21,52.3282,0.0002,58966.034240999994,-11.68509677842046,0.09558152592550744,False,0.2991869524069677,0.020004311536579267,0.008397958687348392,0.020376803141162168,0.020521756654926924,0.020376803141162168,0.12027702767954886,-0.99,0.12,40,2.22,0.05,3.2,2.9,2.79,2.49,2.4,2.27,2.0,1.81,0.2,0.2,0.14,0.12,0.2,0.12,0.12,0.12,944.609375,1041.578125,1138.546875,1235.515625,1332.484375,1429.453125,1526.421875,1623.390625
J1603-7202,True,llb+96,316.63,-14.495999999999999,0.014841952252581002,1.5759999999999998e-20,38.0497,0.0008,58986.813775999995,30.009942189192586,0.1381978540059572,False,0.1822312109400581,0.02000435307962195,0.2733885362920594,0.020357534698388104,0.3034913827227299,0.020357534698388104,0.40534386105967385,-2.7,0.3,39,2.46,0.13,7.0,5.8,4.1,3.4,2.8,2.4,1.9,1.7,0.9,0.7,0.5,0.3,0.3,0.3,0.3,0.3,944.609375,1041.578125,1138.546875,1235.515625,1332.484375,1429.453125,1526.421875,1623.390625
J1614-2230,True,crh+06a,352.63599999999997,20.192,0.0031508076554628,9.617399999999999e-21,34.485,0.0003,59073.718712,-29.12497101996757,0.07848388389258143,False,0.6286812764105725,0.020062310991988103,0.0368108816945835,0.023551861985025083,0.02423479884919629,0.023551861985025083,0.2713448772571433,-1.8,0.2,38,1.14,0.04,2.33,1.93,1.68,1.45,1.28,1.04,0.96,0.89,0.14,0.12,0.11,0.11,0.09,0.08,0.09,0.08,944.609375,1041.578125,1138.546875,1235.515625,1332.484375,1429.453125,1526.421875,1623.390625
J1618-3921,False,eb01b,340.725,7.888,0.011987308378639998,5.4e-20,117.9312,0.0007,58861.251338,177.49883685947376,0.17515895443702253,False,0.2511782073441547,0.02001620849953113,0.10289004332060532,0.02142549173418974,0.09398381230161312,0.02142549173418974,4.183720161666671,-2.28,0.04,25,0.631,0.006,1.5,1.25,1.05,0.85,0.72,0.61,0.504,0.436,0.02,0.02,0.02,0.02,0.02,0.02,0.015,0.011000000000000001,944.609375,1041.578125,1138.546875,1235.515625,1332.484375,1429.453125,1526.421875,1623.390625
J1618-4624,False,ccb+20,335.816,2.792,0.005931367495125,4.3600000000000006e-21,125.4068,0.0011,59083.643136,1.6668571428571428,2.4448514050668075,True,0.06252597171202474,0.02112411972084152,0.2270246361159036,0.07476922261727255,0.2205660684411512,0.07476922261727255,4.2555240707190425,-1.8,0.2,7,0.229,0.008,0.43,0.4,0.35,0.3,0.26,0.22,0.18,0.171,0.03,0.02,0.03,0.02,0.02,0.02,0.02,0.015,944.609375,1041.578125,1138.546875,1235.515625,1332.484375,1429.453125,1526.421875,1623.390625
J1622-6617,False,kjb+12,321.978,-11.56,0.023623444740810004,5.45e-20,88.0049,0.0012,58761.334889,9.188214285714286,1.2311802459815695,False,0.0803178674771139,0.02022041159332132,0.08571230720931529,0.03371634202404219,0.06349964676464549,0.03371634202404219,3.795550468685682,-1.7,0.4,6,0.44,0.04,0.86,0.73,0.63,0.57,0.51,0.43,0.44,0.27,0.14,0.1,0.11,0.11,0.11,0.1,0.1,0.07,944.609375,1041.578125,1138.546875,1235.515625,1332.484375,1429.453125,1526.421875,1623.390625
J1629-6902,True,eb01b,320.371,-13.925999999999998,0.0060006034432283,1.0386e-20,29.4948,0.0002,59220.348562,36.67294540503193,0.14538920897721766,False,0.2673945392458659,0.020024551166575973,-0.025184486996244686,0.02642244325208807,0.06946235745556023,0.02642244325208807,0.3858358771842818,-2.0,0.2,41,1.01,0.04,2.2,1.79,1.54,1.32,1.07,0.99,0.87,0.77,0.2,0.12,0.12,0.1,0.09,0.11,0.09,0.1,944.609375,1041.578125,1138.546875,1235.515625,1332.484375,1429.453125,1526.421875,1623.390625
J1640+2224,False,fcwa95,41.051,38.271,0.0031633158131799998,2.06e-20,18.428810000000002,0.00011999999999999999,59057.892974,19.071219498603565,2.4591313844093485,False,0.11892806580393578,0.020119376063266317,0.05110540326416039,0.026678722605420226,0.06632765622935545,0.026678722605420226,0.4728847446125902,-2.1,0.6,6,0.46,0.06,2.5,1.2,0.37,0.7,0.29,0.5,0.5,0.5,0.9,0.3,0.07,0.2,0.11,0.2,0.2,0.2,944.609375,1041.578125,1138.546875,1235.515625,1332.484375,1429.453125,1526.421875,1623.390625
J1643-1224,True,lnl+95,5.669,21.218000000000004,0.0046216415267363,1.851e-20,62.3975,0.0004,59264.02658,-304.28270881004,0.11091275215237607,False,0.1663574943070012,0.02000408782026204,-0.007457612011743286,0.020738457904544625,0.11547628453757715,0.020738457904544625,0.2870574966336813,-2.12,0.03,37,3.78,0.03,8.68,7.11,5.91,5.01,4.21,3.65,3.17,2.66,0.11,0.09,0.08,0.08,0.07,0.07,0.07,0.08,944.609375,1041.578125,1138.546875,1235.515625,1332.484375,1429.453125,1526.421875,1623.390625
J1652-4838,True,kek+13,338.005,-2.92,0.0037853037550376,1.1226e-20,188.1559,0.0008,59181.405647,-29.501092579946253,0.27535997536486584,False,0.2060402521655688,0.020025955793306183,0.03690869388312748,0.022944390110040902,0.04963356657562384,0.022944390110040902,1.0302773635821652,-1.11,0.07,39,0.917,0.014,1.36,1.27,1.18,1.08,0.99,0.91,0.82,0.74,0.05,0.05,0.04,0.04,0.03,0.03,0.03,0.03,944.609375,1041.578125,1138.546875,1235.515625,1332.484375,1429.453125,1526.421875,1623.390625
J1653-2054,True,btb+15,359.969,14.261,0.004129145284605,1.0958e-20,56.5213,0.0003,59167.336351,-4.460358022215504,0.3446606661064764,False,0.18491224106376905,0.02003944919329215,0.030375225103522363,0.02219438619311559,0.033124804281611984,0.02219438619311559,2.2102722362239438,-2.25,0.13,25,0.575,0.014,1.34,1.11,0.95,0.79,0.65,0.56,0.5,0.39,0.1,0.08,0.07,0.06,0.05,0.03,0.03,0.02,944.609375,1041.578125,1138.546875,1235.515625,1332.484375,1429.453125,1526.421875,1623.390625
J1658-5324,True,kcj+12,334.869,-6.625,0.0024392959097881,1.1189e-20,30.8301,0.0006,59220.307475,7.812330357441068,0.4439457447197966,False,0.6362366266994124,0.021932320298659724,-0.026717854373978944,0.0981738716133772,0.027058580603384973,0.0981738716133772,1.1292346452303057,-2.7,0.4,15,0.43,0.04,1.2,1.2,0.66,0.57,0.36,0.5,0.49,0.42,0.2,0.2,0.11,0.06,0.06,0.2,0.13,0.14,944.609375,1041.578125,1138.546875,1235.515625,1332.484375,1429.453125,1526.421875,1623.390625
J1705-1903,True,mbc+19,3.248,13.03,0.0024802913339774,2.1485e-20,57.50473,7e-05,59046.912829999994,-15.571618759196046,0.22359086209981946,False,0.22034167929133347,0.02005090556195744,0.02412969533901807,0.023671690567970537,0.01842229239288309,0.023671690567970537,0.11663220725052105,-1.47,0.11,21,0.575,0.014,0.98,0.89,0.81,0.73,0.65,0.57,0.49,0.43,0.05,0.05,0.04,0.04,0.04,0.03,0.03,0.02,944.609375,1041.578125,1138.546875,1235.515625,1332.484375,1429.453125,1526.421875,1623.390625
J1708-3506,True,kjvs+10,350.47,3.1239999999999997,0.004505158948526,1.1226e-20,146.7636,0.0014,59088.804052,-10.558224197214171,0.17714088422495808,False,0.15441009939989608,0.02001115524489885,0.020134372328925527,0.02103238673877516,0.02549852834315861,0.02103238673877516,1.7777890157583247,-2.23,0.05,25,1.445,0.015,3.4,2.79,2.32,1.96,1.62,1.39,1.19,0.98,0.09,0.07,0.06,0.04,0.03,0.03,0.03,0.04,944.609375,1041.578125,1138.546875,1235.515625,1332.484375,1429.453125,1526.421875,1623.390625
J1709+2313,False,fcwa95,44.522,32.209,0.0046311962778409,3.6200000000000004e-21,25.3399,0.0014,59082.71729400001,36.645553079682415,1.5933750365811563,True,0.27209238706870226,0.021317804921638792,0.06625367123815755,0.06382277758806172,0.017926687110304203,0.06382277758806172,6.050406381629668,-3.1,0.6,6,0.19,0.02,0.6,0.7,0.27,0.3,0.2,0.14,0.12,0.15,0.2,0.2,0.08,0.2,0.09,0.03,0.04,0.03,944.609375,1041.578125,1138.546875,1235.515625,1332.484375,1429.453125,1526.421875,1623.390625
J1713+0747,True,fwc93,28.750999999999998,25.223000000000003,0.004570136598623234,8.529700000000001e-21,15.9904,0.0005,58782.485452999994,10.881726738355471,0.09760928050079756,False,0.3156037383995109,0.02000085352609233,-0.015958590833397526,0.020150991856172144,0.03425049005603243,0.020150991856172144,0.042405978615137965,-1.0,0.3,35,8.3,0.5,12.1,10.0,13.0,12.0,7.9,9.0,7.7,6.7,1.2,2.0,3.0,2.0,0.9,2.0,1.1,1.3,944.609375,1041.578125,1138.546875,1235.515625,1332.484375,1429.453125,1526.421875,1623.390625
J1719-1438,True,bbb+11a,8.859,12.838,0.005790151770040999,7.966e-21,36.7752,0.0005,58952.268692,17.27162007607116,0.19054728352268624,False,0.2460479327853634,0.020048636998947336,0.04166378255825806,0.02352435886604317,0.0397576561194453,0.02352435886604317,1.4679790320952872,-2.5,0.2,41,0.43,0.02,1.09,0.92,0.8,0.59,0.46,0.4,0.34,0.3,0.08,0.08,0.08,0.06,0.04,0.04,0.04,0.04,944.609375,1041.578125,1138.546875,1235.515625,1332.484375,1429.453125,1526.421875,1623.390625
J1721-2457,True,eb01b,0.387,6.751,0.003496633728452,5.610000000000001e-21,48.2341,0.0006,59246.428925,-37.65869415593485,0.3623773050426864,False,0.18618678641611447,0.020035384588769745,0.0859377406455373,0.022751808085035755,0.07213603112770428,0.022751808085035755,2.6022054272715414,-1.93,0.15,12,1.03,0.04,2.08,1.87,1.57,1.37,1.24,1.04,0.84,0.68,0.1,0.1,0.09,0.1,0.11,0.14,0.1,0.06,944.609375,1041.578125,1138.546875,1235.515625,1332.484375,1429.453125,1526.421875,1623.390625
J1727-2946,False,fsk+04,357.13699999999994,2.9210000000000003,0.027083183273590997,2.4607e-19,60.7336,0.0014,58983.959652,-90.35272802554407,0.8686477506075571,False,0.24311436558896204,0.02039634508945733,0.025596662568108358,0.05040960704179807,0.0905756459353321,0.05040960704179807,4.291851636575031,-2.4,0.2,8,0.265,0.011,0.7,0.52,0.44,0.35,0.32,0.28,0.21,0.17,0.05,0.04,0.03,0.03,0.04,0.03,0.02,0.02,944.609375,1041.578125,1138.546875,1235.515625,1332.484375,1429.453125,1526.421875,1623.390625
J1730-2304,True,lnl+95,3.137,6.023,0.008122798048058037,2.018423e-20,9.6257,0.0005,59167.519836,-3.7243960190121577,0.09222749349926553,False,0.27752204654779394,0.02000549582933784,-0.1989830720900226,0.031086162811579183,0.2044672860264466,0.031086162811579183,0.4094523589944874,-2.0,0.2,39,3.5,0.2,7.2,6.5,5.5,5.1,4.1,3.7,3.0,1.8,0.5,0.5,0.5,0.5,0.5,0.5,0.3,0.3,944.609375,1041.578125,1138.546875,1235.515625,1332.484375,1429.453125,1526.421875,1623.390625
J1731-1847,True,kjvs+10,6.89,8.151,0.0023445595468869,2.5396e-20,106.4721,0.0007,59057.862312,21.488207195142326,0.3842084596674049,False,0.5170403135557561,0.0204063754692162,-0.16919637931456086,0.04232892090361453,0.14028658929361346,0.04232892090361453,0.3790038040742559,-2.4,0.2,6,0.38,0.015,0.96,0.76,0.65,0.5,0.41,0.37,0.31,0.26,0.07,0.05,0.04,0.05,0.03,0.03,0.03,0.03,944.609375,1041.578125,1138.546875,1235.515625,1332.484375,1429.453125,1526.421875,1623.390625
J1732-5049,True,eb01b,340.029,-9.454,0.005312550290423001,1.4216e-20,56.8209,0.0004,59237.244739,-8.15867751709655,0.3145246479048457,False,0.25138491744137537,0.020021735113779724,0.0026738166461167524,0.021672778378381302,0.010904327178355648,0.021672778378381302,0.6877621417258186,-1.9,0.2,53,2.11,0.11,4.4,3.6,3.1,2.8,2.4,2.0,1.8,1.5,0.4,0.4,0.3,0.3,0.3,0.3,0.2,0.2,944.609375,1041.578125,1138.546875,1235.515625,1332.484375,1429.453125,1526.421875,1623.390625
J1737-0811,True,blr+13,16.932000000000002,12.318,0.0041750173128158,7.912e-21,55.306,0.0011,58672.93471,64.85927046195275,0.14774371381929244,False,0.2564306459713514,0.020022815428571462,0.0009935478532245572,0.021245177367289137,0.024219822359674285,0.021245177367289137,1.8767062354065127,-2.19,0.07,44,1.07,0.02,2.48,2.03,1.75,1.46,1.22,1.03,0.88,0.75,0.09,0.07,0.06,0.05,0.05,0.04,0.03,0.03,944.609375,1041.578125,1138.546875,1235.515625,1332.484375,1429.453125,1526.421875,1623.390625
J1738+0333,False,jac05,27.721,17.742,0.005850095859775686,2.4119919999999997e-20,33.771,0.003,59057.880589,34.71414372724484,0.4733202872321826,False,0.22024314309498594,0.02033337822112953,-0.020736251276432485,0.03528174901989484,0.013131025589122413,0.03528174901989484,1.3034641418607542,-4.1,0.5,6,0.34,0.04,1.5,1.2,0.8,0.9,0.7,0.25,0.28,0.17,0.3,0.3,0.3,0.3,0.2,0.04,0.09,0.04,944.609375,1041.578125,1138.546875,1235.515625,1332.484375,1429.453125,1526.421875,1623.390625
J1741+1351,False,jbo+07,37.885,21.641,0.0037471545002599397,3.021648e-20,24.1962,0.0003,59057.899204999994,63.52869206234643,0.7334591393665854,False,0.17734597243747688,0.02043090365144904,0.019772912480872158,0.04314223266570934,0.00665942428584593,0.04314223266570934,0.7996411597457938,-0.8,0.5,6,0.29,0.04,0.7,0.33,0.43,0.19,0.25,0.4,0.4,0.3,0.2,0.05,0.11,0.04,0.12,0.3,0.2,0.07,944.609375,1041.578125,1138.546875,1235.515625,1332.484375,1429.453125,1526.421875,1623.390625
J1744-1134,True,bjb+97,14.794,9.18,0.004074545942316082,8.93428e-21,3.13849,0.00011999999999999999,59218.32377,1.6186860665650962,0.08657853717586597,False,0.8988097600761419,0.020015740198471296,0.002406380984268582,0.021234548451355955,0.0012100160332351305,0.021234548451355955,0.12692452513892236,-1.7,0.4,39,2.6,0.2,5.3,5.0,3.6,2.9,2.9,2.6,2.4,2.0,1.0,1.0,0.6,0.5,0.5,0.5,0.5,0.3,944.609375,1041.578125,1138.546875,1235.515625,1332.484375,1429.453125,1526.421875,1623.390625
J1745+1017,False,bgc+13,34.869,19.254,0.0026521296710897,2.729e-21,23.9711,0.0003,59000.830438,27.24172709214605,0.2935255788115693,False,0.5003862718762575,0.02031798993998764,-0.1026947299542246,0.03525365019484801,0.08608285365244622,0.03525365019484801,0.906273041046394,-2.5,0.4,6,0.51,0.04,1.1,1.2,1.0,0.87,0.8,0.37,0.66,0.39,0.2,0.3,0.2,0.14,0.3,0.04,0.13,0.1,944.609375,1041.578125,1138.546875,1235.515625,1332.484375,1429.453125,1526.421875,1623.390625
J1745-0952,False,eb01b,16.371,9.895,0.0193763034411294,9.246e-20,64.501,0.004,59227.208266999995,52.36253886208724,1.3264197489545568,False,0.1926960709460777,0.02019451273949224,-0.1508892242736099,0.03231431205581824,0.12457571848735095,0.03231431205581824,6.337472683775138,-1.3,0.2,6,0.92,0.05,1.6,1.3,1.2,1.08,0.97,0.9,0.85,0.8,0.1,0.07,0.11,0.08,0.09,0.2,0.13,0.2,944.609375,1041.578125,1138.546875,1235.515625,1332.484375,1429.453125,1526.421875,1623.390625
J1747-4036,True,kcj+12,350.208,-6.412000000000001,0.0016456096131773,1.31521e-20,152.9407,0.0008,58881.275628999996,-43.75355436452667,0.2344208497972296,False,0.15800571948221204,0.020018441805395675,-0.00413399406596389,0.022084463203209868,0.019981744603221854,0.022084463203209868,0.5540391760541189,-2.84,0.04,40,1.506,0.013,4.43,3.47,2.79,2.25,1.76,1.43,1.16,0.9,0.09,0.06,0.05,0.04,0.03,0.02,0.03,0.03,944.609375,1041.578125,1138.546875,1235.515625,1332.484375,1429.453125,1526.421875,1623.390625
J1750-2536,False,kek+13,3.4139999999999997,0.779,0.03474957194392501,8.14e-20,179.395,0.009,59168.59824400001,173.2692836552996,5.2261056543472195,True,0.1448209696625746,0.021263192251087127,-0.14305941814830336,0.0928250205381037,0.1132890154130193,0.0928250205381037,39.286856715855436,-3.7,0.2,9,0.107,0.005,0.44,0.32,0.24100000000000002,0.17300000000000001,0.126,0.10099999999999999,0.07200000000000001,0.055999999999999994,0.02,0.02,0.012,0.013999999999999999,0.011000000000000001,0.009000000000000001,0.01,0.009000000000000001,944.609375,1041.578125,1138.546875,1235.515625,1332.484375,1429.453125,1526.421875,1623.390625
J1751-2857,True,sfl+05,0.6459999999999999,-1.124,0.003914873259445,1.1191e-20,42.789,0.0005,58992.113762,33.203398294311945,0.13204675897983384,False,0.40851783494407706,0.02014788172521701,-0.01791132920215555,0.04146558734562439,0.007825049813118467,0.04146558734562439,1.2101776134432558,-1.27,0.08,38,0.461,0.009,0.74,0.68,0.62,0.55,0.5,0.47,0.41,0.35,0.02,0.02,0.02,0.02,0.02,0.02,0.02,0.02,944.609375,1041.578125,1138.546875,1235.515625,1332.484375,1429.453125,1526.421875,1623.390625
J1754+0032,False,mbc+19,26.828000000000003,12.888,0.004411,1.9799999999999998e-20,70.2804,0.0007,59000.81245800001,40.01280466162532,0.7986591703413728,False,0.17009346019653818,0.02013749797521408,0.011324823086935968,0.028232103193194,0.021718276542946544,0.028232103193194,1.3569875282386763,-1.8,0.2,6,0.61,0.03,1.24,1.01,0.91,0.81,0.73,0.61,0.42,0.43,0.09,0.07,0.11,0.08,0.11,0.05,0.07,0.06,944.609375,1041.578125,1138.546875,1235.515625,1332.484375,1429.453125,1526.421875,1623.390625
J1755-3716,False,nbb+14,353.88199999999995,-6.041,0.01278606928999,3.1e-20,167.56599999999997,0.005,59083.679471,52.04124740762576,3.677730543756569,False,0.12115902491106627,0.02067736617778921,-0.09482574188354026,0.05190855648137789,0.04760493000356908,0.05190855648137789,12.11147442608085,-1.37,0.09,5,0.524,0.01,0.87,0.77,0.72,0.67,0.59,0.51,0.43,0.37,0.04,0.02,0.03,0.03,0.02,0.02,0.02,0.03,944.609375,1041.578125,1138.546875,1235.515625,1332.484375,1429.453125,1526.421875,1623.390625
J1756-2251,True,fsk+04,6.497000000000001,0.9470000000000001,0.02846158918736,1.0170700000000002e-18,121.2312,0.0003,58980.835086,-10.780548869142015,0.13645000485585912,False,0.17387259247817452,0.020001994639338744,-0.01903760292780784,0.020416036784648102,0.02811272449464448,0.020416036784648102,1.2801480614524428,-1.14,0.06,49,1.087,0.013,1.63,1.52,1.41,1.31,1.19,1.07,0.96,0.85,0.04,0.04,0.03,0.03,0.03,0.03,0.03,0.03,944.609375,1041.578125,1138.546875,1235.515625,1332.484375,1429.453125,1526.421875,1623.390625
J1757-1854,False,cck+18,9.966000000000001,2.877,0.0214972318900437,2.6269000000000003e-18,378.111,0.013000000000000001,59122.624082,702.6010844222052,0.7642447333295135,False,0.19431845451828766,0.02014068316038744,0.09007374092258846,0.03048198631862815,0.06844920839366221,0.03048198631862815,15.279457281190181,-1.4,0.05,10,0.142,0.002,0.231,0.218,0.20199999999999999,0.177,0.152,0.136,0.12300000000000001,0.105,0.005,0.005,0.004,0.011000000000000001,0.005,0.003,0.003,0.005,944.609375,1041.578125,1138.546875,1235.515625,1332.484375,1429.453125,1526.421875,1623.390625
J1757-5322,True,eb01,339.63699999999994,-13.98,0.008869961231245,2.6468999999999998e-20,30.8047,0.0004,59058.714498,70.14796778299953,0.09731155862703464,False,0.2122280246763919,0.02000232832854253,-0.16550338382427027,0.020901006752415786,0.16699897255636248,0.020901006752415786,0.8529242390132007,-1.53,0.12,58,1.76,0.05,3.21,2.82,2.37,2.22,1.9,1.72,1.49,1.5,0.14,0.14,0.12,0.14,0.12,0.09,0.12,0.2,944.609375,1041.578125,1138.546875,1235.515625,1332.484375,1429.453125,1526.421875,1623.390625
J1801-1417,True,fsk+04,14.546,4.162,0.0036250967171674,5.305e-21,57.2516,0.0002,58853.231428,232.54611479342014,0.1243473842859484,False,0.17848536138821908,0.02003004708911378,0.02592088862049055,0.02269740662416184,0.044850349031459714,0.02269740662416184,0.7800000710739743,-1.8,0.13,37,1.54,0.04,3.0,2.6,2.3,1.98,1.68,1.54,1.32,1.12,0.2,0.2,0.2,0.12,0.12,0.11,0.08,0.07,944.609375,1041.578125,1138.546875,1235.515625,1332.484375,1429.453125,1526.421875,1623.390625
J1801-3210,False,kjvs+10,358.92199999999997,-4.577,0.007453584373461,2.8999999999999996e-23,177.729,0.002,59083.691553,224.97944237311341,1.895080682832379,True,0.19096198837397066,0.02046925164148902,0.045880739574971525,0.04774546677115162,0.040955946414181,0.04774546677115162,6.52970978589968,-2.47,0.07,6,0.451,0.008,1.1,0.95,0.81,0.69,0.58,0.45,0.365,0.27,0.05,0.02,0.05,0.07,0.05,0.02,0.01,0.02,944.609375,1041.578125,1138.546875,1235.515625,1332.484375,1429.453125,1526.421875,1623.390625
J1802-2124,True,fsk+04,8.382,0.611,0.012647593804378,7.2979e-20,149.5902,0.0004,58986.863193,290.2024978294019,0.5648353372446093,False,0.1717864852867991,0.02003377402013117,0.02786214200092038,0.02421019204731012,0.028062511058749028,0.02421019204731012,0.4407658373057298,-2.38,0.05,37,0.734,0.008,1.84,1.49,1.21,1.0,0.83,0.7,0.6,0.49,0.04,0.03,0.02,0.02,0.02,0.02,0.02,0.02,944.609375,1041.578125,1138.546875,1235.515625,1332.484375,1429.453125,1526.421875,1623.390625
J1804-2717,True,llb+96,3.505,-2.736,0.009343030844543002,4.085e-20,24.6746,0.0005,59216.518189999995,39.96609485894294,0.2468023632007625,False,0.4904333975015766,0.020095754000598282,0.15377075206760266,0.029342347007481482,0.15277921618301338,0.029342347007481482,1.7877269515407812,-1.7,0.6,6,1.4,0.2,4.0,2.3,1.7,2.7,1.9,1.4,1.4,1.7,0.9,0.3,0.2,1.1,0.6,0.4,0.5,0.9,944.609375,1041.578125,1138.546875,1235.515625,1332.484375,1429.453125,1526.421875,1623.390625
J1804-2858,True,mbc+19,1.995,-3.498,0.001492685261031,-7.999999999999999e-22,232.528,0.002,59181.651761,-421.2958878985012,3.0314483747646093,False,0.06872298599806068,0.020164316857220563,-0.0800584820898536,0.033076081733131264,0.04888796749108445,0.033076081733131264,1.6274980128631922,-1.26,0.07,11,0.918,0.011,1.27,1.3,1.35,1.21,1.02,0.9,0.8,0.67,0.05,0.05,0.05,0.03,0.03,0.03,0.02,0.03,944.609375,1041.578125,1138.546875,1235.515625,1332.484375,1429.453125,1526.421875,1623.390625
J1806+2819,False,kmlk+18,54.645,21.666999999999998,0.01508366732422,3.75e-20,18.78,0.02,59098.648872000005,,,True,0.006350307363083197,0.024209216008559062,0.022072885590260747,0.1040135597330654,0.0113545271915237,0.1040135597330654,35.082251991328754,-2.0,0.6,6,0.09,0.011,0.22,0.17,0.12,0.15,0.07,0.08,0.1,0.06,0.06,0.04,0.03,0.08,0.02,0.03,0.02,0.02,944.609375,1041.578125,1138.546875,1235.515625,1332.484375,1429.453125,1526.421875,1623.390625
J1810-2005,False,clm+01,10.545,-0.562,0.0328222443257,1.47e-19,240.72,0.04,58855.3029,-15.663017903887944,0.8430569411209555,False,0.09059952980621372,0.020104137166088776,0.049704967145433064,0.028669760149263507,0.022472141293468417,0.028669760149263507,29.713861951191802,-2.0,0.2,6,1.73,0.04,2.9,3.0,2.7,2.4,2.0,1.8,1.45,1.18,0.5,0.5,0.3,0.2,0.2,0.2,0.03,0.09,944.609375,1041.578125,1138.546875,1235.515625,1332.484375,1429.453125,1526.421875,1623.390625
J1811-2405,True,kjvs+10,7.0729999999999995,-2.559,0.0026605933185567,1.33824e-20,60.619969999999995,5.9999999999999995e-05,58750.494473,30.24533987219133,0.15048378473594695,False,0.26598263407179185,0.020009032400772227,-0.04961289262833623,0.02117198814747333,0.0520636273931119,0.02117198814747333,0.27940526345333605,-1.82,0.06,53,1.33,0.02,2.7,2.27,1.96,1.71,1.48,1.28,1.14,0.99,0.08,0.06,0.05,0.05,0.04,0.04,0.04,0.03,944.609375,1041.578125,1138.546875,1235.515625,1332.484375,1429.453125,1526.421875,1623.390625
J1813-2621,False,fsk+04,5.322,-4.112,0.0044300116286342,1.2465999999999999e-20,122.4924,0.001,58683.970327999996,142.2416220980013,0.33251503224164963,False,0.3199666695331496,0.02018271672476828,0.17252351090683266,0.033497690199618985,0.14526874332876352,0.033497690199618985,2.9845412389738413,-1.79,0.09,6,0.584,0.008,1.16,1.0,0.85,0.73,0.65,0.56,0.5,0.44,0.06,0.05,0.04,0.03,0.02,0.02,0.02,0.02,944.609375,1041.578125,1138.546875,1235.515625,1332.484375,1429.453125,1526.421875,1623.390625
J1821+0155,False,rsm+13,31.244,7.504,0.033781331408612,2.9e-20,51.766,0.0004,59059.894527,110.3305176797417,0.2835054516369521,False,0.32529189814625464,0.02010417047080567,0.008158142188505002,0.028278212525087675,0.03780180268614696,0.028278212525087675,0.7652670661672617,-2.8,0.4,7,0.29,0.02,0.8,0.7,0.55,0.46,0.33,0.26,0.2,0.21,0.2,0.2,0.11,0.1,0.06,0.05,0.04,0.04,944.609375,1041.578125,1138.546875,1235.515625,1332.484375,1429.453125,1526.421875,1623.390625
J1825-0319,True,bbb+13,27.045,4.138,0.0045535279197336,7.079e-21,119.5584,0.0006,58881.348534000004,179.91515466945077,0.20526614489486555,False,0.18946420983455686,0.020228595364000262,0.3507437127306315,0.037346670583899726,0.32540514693441897,0.037346670583899726,1.865747136401935,-1.47,0.05,36,0.183,0.002,0.308,0.28800000000000003,0.253,0.223,0.19899999999999998,0.18100000000000002,0.16,0.141,0.009000000000000001,0.006999999999999999,0.006,0.005,0.005,0.005,0.004,0.004,944.609375,1041.578125,1138.546875,1235.515625,1332.484375,1429.453125,1526.421875,1623.390625
J1826-2415,False,bsb+19,8.552999999999999,-5.718,0.0046957571306167,1.736e-20,81.8625,0.0011,59096.775285,57.780984482136574,1.1934989636889215,True,0.1230639082452556,0.02062668341872055,0.010709805450710885,0.05187148868914506,0.020137693144970558,0.05187148868914506,4.26063538425486,-1.4,0.2,7,0.49,0.02,0.86,0.74,0.65,0.59,0.52,0.47,0.46,0.39,0.05,0.05,0.05,0.04,0.05,0.06,0.06,0.04,944.609375,1041.578125,1138.546875,1235.515625,1332.484375,1429.453125,1526.421875,1623.390625
J1828+0625,False,rap+12,36.069,8.014,0.0036275625575588,4.694e-21,22.4331,0.0012,59093.743296,20.46901547765195,3.826707089169143,True,0.10504167948222498,0.02049289657311389,-0.07995137470852269,0.04503596764122088,0.04985505746597841,0.04503596764122088,1.742145212412354,-2.6,0.3,8,0.32,0.03,0.86,0.66,0.7,0.49,0.44,0.27,0.17,0.25,0.07,0.07,0.3,0.08,0.1,0.06,0.04,0.07,944.609375,1041.578125,1138.546875,1235.515625,1332.484375,1429.453125,1526.421875,1623.390625
J1829+2456,False,clm+04,53.343,15.612,0.041009823581169995,5.25e-20,13.7,0.005,59057.929543,0.25135714285714283,0.5821438850122389,True,0.6755015551795919,0.022929727188339803,0.00772185067613533,0.09380592077488137,0.0011276299374620466,0.09380592077488137,17.000439469448217,-3.5,0.6,6,0.037,0.004,0.16,0.08,0.08,0.07,0.027000000000000003,0.038,0.03,0.016,0.08,0.03,0.02,0.02,0.008,0.011000000000000001,0.005,0.006,944.609375,1041.578125,1138.546875,1235.515625,1332.484375,1429.453125,1526.421875,1623.390625
J1832-0836,True,bbb+13,23.109,0.257,0.00271911206325584,8.276299999999999e-21,28.190859999999997,0.00011,58948.191703,41.6866205418373,0.7769709748625164,False,0.26668332187289584,0.02013848327936185,-0.008541791394590308,0.03928974467112164,0.0616797927730965,0.03928974467112164,0.3288479561472053,-1.9,0.2,16,0.92,0.04,1.89,1.53,1.35,1.24,1.4,1.1,0.74,0.53,0.14,0.13,0.09,0.12,0.2,0.2,0.08,0.07,944.609375,1041.578125,1138.546875,1235.515625,1332.484375,1429.453125,1526.421875,1623.390625
J1835-0114,False,ekl09,29.99,3.0069999999999997,0.0051163877246933,8.382e-21,98.25299999999999,0.003,58849.286695,115.46111398011793,0.6319995380624204,False,0.254903931721178,0.021030280102135302,-0.2143803359524438,0.07270668986186188,0.1617589967423627,0.07270668986186188,5.335123115431276,-1.27,0.09,6,0.373,0.008,0.59,0.53,0.52,0.48,0.42,0.36,0.332,0.27,0.02,0.02,0.03,0.03,0.03,0.02,0.012,0.02,944.609375,1041.578125,1138.546875,1235.515625,1332.484375,1429.453125,1526.421875,1623.390625
J1843-1113,True,hfs+04,22.055,-3.397,0.001845666323214,9.544600000000001e-21,59.957969999999996,0.00013000000000000002,58727.95073,8.908644870189669,0.12054980258041725,False,0.34124070095410536,0.02013980659497688,0.006708148818951282,0.030336490207856243,0.007985152674620941,0.030336490207856243,0.3649073391304865,-1.7,0.2,37,0.56,0.02,1.1,0.92,0.78,0.68,0.6,0.53,0.48,0.48,0.08,0.06,0.05,0.05,0.04,0.05,0.05,0.08,944.609375,1041.578125,1138.546875,1235.515625,1332.484375,1429.453125,1526.421875,1623.390625
J1843-1448,True,fsk+04,18.782,-4.871,0.0054713308755095,6.21e-21,114.544,0.0009,58855.327036,255.5945566959361,5.7016242240540524,True,0.0634976135806285,0.02045421949986417,0.01445209133247276,0.043895766851055854,0.010744722218847228,0.043895766851055854,4.59699803318266,-1.83,0.05,6,0.486,0.006,0.93,0.853,0.73,0.622,0.55,0.46,0.40299999999999997,0.359,0.02,0.013999999999999999,0.02,0.012,0.02,0.02,0.011000000000000001,0.012,944.609375,1041.578125,1138.546875,1235.515625,1332.484375,1429.453125,1526.421875,1623.390625
J1844+0115,False,csl+12,33.283,2.079,0.004185543936664,1.0700000000000002e-20,148.25,0.005,58963.02359,30.149827822368746,2.1135628011907426,True,0.16241899081485905,0.02539633177757489,0.00384579949619379,0.15132954602343815,0.005304304342815346,0.15132954602343815,10.380486000814493,-1.88,0.14,8,0.094,0.003,0.183,0.16699999999999998,0.14800000000000002,0.115,0.10800000000000001,0.086,0.079,0.064,0.011000000000000001,0.011000000000000001,0.006,0.006,0.005,0.006,0.006999999999999999,0.006999999999999999,944.609375,1041.578125,1138.546875,1235.515625,1332.484375,1429.453125,1526.421875,1623.390625
J1850+0124,False,csl+12,34.025,0.9590000000000001,0.003559763768043,1.09e-20,118.88,0.02,59089.690901,-68.90773197194602,1.9240277473405718,False,0.3464214662548951,0.02345989421041414,0.15126721091020448,0.15063513182989868,0.060041066382350176,0.15063513182989868,1.7939067617272981,-1.79,0.06,7,0.188,0.003,0.38,0.324,0.28,0.214,0.2,0.179,0.136,0.157,0.02,0.006,0.02,0.013000000000000001,0.011000000000000001,0.01,0.005,0.004,944.609375,1041.578125,1138.546875,1235.515625,1332.484375,1429.453125,1526.421875,1623.390625
J1853+1303,False,fsk+04,44.875,5.367000000000001,0.004091797383378764,8.7161e-21,30.5709,0.0004,59059.88241699999,77.49013961340279,0.2474081597132796,False,0.251454229811632,0.02017001105111817,0.03568066311761862,0.032981469748857656,0.1566693201144827,0.032981469748857656,0.6738716450233976,-3.3,0.3,7,0.5,0.04,2.0,1.28,0.9,0.79,0.67,0.44,0.5,0.7,0.2,0.13,0.14,0.14,0.13,0.04,0.2,0.3,944.609375,1041.578125,1138.546875,1235.515625,1332.484375,1429.453125,1526.421875,1623.390625
J1855-1436,False,san16,20.359,-7.57,0.003594091653371,1.09e-20,109.208,0.009,59000.149436,136.5693607341409,29.01192980619976,False,0.2738454398948221,0.026145784484733328,0.02144651353179504,0.1765375244945288,0.008409560092012843,0.1765375244945288,2.446519379972629,-2.95,0.14,7,0.046,0.002,0.146,0.10400000000000001,0.085,0.076,0.051,0.042,0.03,0.034,0.006,0.008,0.006,0.005,0.006999999999999999,0.003,0.003,0.004,944.609375,1041.578125,1138.546875,1235.515625,1332.484375,1429.453125,1526.421875,1623.390625
J1857+0943,False,srs+86,42.29,3.06,0.005362100549682627,1.784e-20,13.2992,0.0002,59093.74015,23.35857971324418,0.05174328705351091,False,0.14116617108755822,0.020009661652858373,-0.002262459372714594,0.021129782407387374,0.036403402836718494,0.021129782407387374,0.3002491668875785,-2.4,0.4,7,5.0,0.5,12.0,13.0,10.0,5.5,5.6,4.3,4.0,3.6,2.0,3.0,2.0,1.1,1.2,1.1,2.0,0.8,944.609375,1041.578125,1138.546875,1235.515625,1332.484375,1429.453125,1526.421875,1623.390625
J1858-2216,False,san16,13.581,-11.392999999999999,0.002384012901237,3.81e-21,26.641,0.005,59233.237268,-11.626720600372927,1.2419762762951632,False,0.37096149546838736,0.025319566270624125,-0.04931521776696785,0.16589317239133985,0.022728266114749315,0.16589317239133985,7.905202292410598,-2.1,0.4,6,0.057,0.007,0.12,0.11,0.12,0.04,0.08,0.07,0.05,0.033,0.02,0.02,0.03,0.02,0.04,0.03,0.02,0.009000000000000001,944.609375,1041.578125,1138.546875,1235.515625,1332.484375,1429.453125,1526.421875,1623.390625
J1900+0308,False,csl+12,36.798,-0.6579999999999999,0.004909239016418,5.8999999999999995e-21,249.86,0.02,58963.048233,48.88550892759815,5.912211222687048,True,0.2256474186626649,0.0240775629718375,-0.3254437093110697,0.1365541344849009,0.23262373957406635,0.1365541344849009,17.668108512813088,-1.45,0.08,7,0.14,0.003,0.221,0.23600000000000002,0.22899999999999998,0.16899999999999998,0.157,0.127,0.10099999999999999,0.113,0.006999999999999999,0.009000000000000001,0.009000000000000001,0.005,0.009000000000000001,0.004,0.011000000000000001,0.006,944.609375,1041.578125,1138.546875,1235.515625,1332.484375,1429.453125,1526.421875,1623.390625
J1901+0300,False,skl+15,36.811,-0.9740000000000001,0.007796776259721999,4.5710000000000006e-20,253.747,0.011000000000000001,58963.060344000005,,,True,-0.004238014813507412,0.024021736680567243,-0.051951130478445885,0.1478757610735605,0.0026658763043961504,0.1478757610735605,7.771709076434016,-1.66,0.12,7,0.135,0.004,0.251,0.22,0.19699999999999998,0.184,0.157,0.125,0.111,0.10099999999999999,0.011000000000000001,0.02,0.01,0.013000000000000001,0.011000000000000001,0.009000000000000001,0.009000000000000001,0.006999999999999999,944.609375,1041.578125,1138.546875,1235.515625,1332.484375,1429.453125,1526.421875,1623.390625
J1902-5105,True,kcj+12,345.65,-22.379,0.0017423999499051,9.2044e-21,36.2505,0.0003,58881.372280999996,13.040214093203742,2.262755223672744,False,0.030517627727857863,0.020026331951367767,0.02186688408845407,0.02271608492152824,0.1109760216357496,0.02271608492152824,0.25527663592586125,-3.12,0.07,40,1.01,0.02,3.41,2.58,1.96,1.55,1.18,0.96,0.75,0.63,0.09,0.07,0.06,0.05,0.03,0.04,0.03,0.03,944.609375,1041.578125,1138.546875,1235.515625,1332.484375,1429.453125,1526.421875,1623.390625
J1903+0327,False,crl+08,37.336,-1.014,0.00214991236434921,1.88208e-20,297.483,0.003,59097.893439,226.93112517288085,4.5716777660805255,True,0.03626758281957202,0.02064877200527834,-0.12986228775006273,0.0576079306691245,0.06681786958320943,0.0576079306691245,1.8741552293803216,-0.71,0.08,7,0.6,0.011,0.66,0.73,0.77,0.69,0.65,0.58,0.53,0.5,0.03,0.02,0.02,0.02,0.03,0.02,0.02,0.03,944.609375,1041.578125,1138.546875,1235.515625,1332.484375,1429.453125,1526.421875,1623.390625
J1903-7051,True,ckr+15,324.39099999999996,-26.508000000000003,0.0035978980746772,1.0369000000000001e-20,19.6612,0.0002,58836.741827,17.610022216453242,0.1734788137362068,False,0.2926742745195613,0.020008413770700662,-0.06853039846168757,0.022160237576352854,0.08097479967701482,0.022160237576352854,0.601996653189627,-1.8,0.2,54,0.96,0.05,1.9,1.7,1.4,1.22,1.1,0.95,0.78,0.74,0.2,0.2,0.2,0.15,0.2,0.14,0.11,0.09,944.609375,1041.578125,1138.546875,1235.515625,1332.484375,1429.453125,1526.421875,1623.390625
J1904+0451,False,skl+15,38.806,-0.787,0.00609236792963,5.7e-21,182.76,0.02,59069.911564999995,,,True,0.038609824781184035,0.02618039066758424,-0.01914050946739559,0.1812270419601528,0.02724466646774793,0.1812270419601528,14.359038058757164,-2.25,0.12,7,0.093,0.003,0.24,0.16899999999999998,0.14800000000000002,0.124,0.10300000000000001,0.086,0.075,0.069,0.013000000000000001,0.01,0.006,0.01,0.006999999999999999,0.008,0.006,0.004,944.609375,1041.578125,1138.546875,1235.515625,1332.484375,1429.453125,1526.421875,1623.390625
J1906+0055,False,lbh+15,35.505,-3.0,0.0027895524236884,3.3200000000000002e-21,126.7844,0.0015,58963.232467999995,,,True,-0.043642441342805545,0.02532340086856413,0.08072343310558519,0.14579171482300934,0.019139500896389813,0.14579171482300934,4.022501421450141,-2.33,0.13,7,0.122,0.004,0.299,0.24100000000000002,0.19899999999999998,0.17,0.155,0.133,0.076,0.08,0.013999999999999999,0.013999999999999999,0.013999999999999999,0.02,0.01,0.006999999999999999,0.005,0.011000000000000001,944.609375,1041.578125,1138.546875,1235.515625,1332.484375,1429.453125,1526.421875,1623.390625
J1909-3744,True,jbvk+03,359.731,-19.596,0.002947108070536102,1.40254e-20,10.39077,4e-05,58919.125615,-0.6625926878141104,0.032802154377603684,False,0.5238706573817368,0.020001934707989742,0.12845091265988204,0.02023244233268069,0.14243536173123553,0.02023244233268069,0.032681502683832006,-1.7,0.2,144,1.8,0.09,3.8,3.0,2.5,1.9,1.9,1.9,1.7,1.6,0.3,0.2,0.3,0.2,0.2,0.2,0.3,0.3,944.609375,1041.578125,1138.546875,1235.515625,1332.484375,1429.453125,1526.421875,1623.390625
J1910+1256,False,fsk+04,46.56399999999999,1.795,0.00498358394234695,9.680600000000001e-21,38.068,0.0004,59107.675534,54.44580441769984,0.2358474938818944,False,0.14688620988465545,0.02026763609655836,-0.004709129010552695,0.0376912209352919,0.1277392841280435,0.0376912209352919,0.8207150512626786,-1.0,0.2,6,0.66,0.04,0.99,0.86,0.84,0.75,0.68,0.7,0.64,0.54,0.09,0.09,0.1,0.1,0.08,0.1,0.13,0.06,944.609375,1041.578125,1138.546875,1235.515625,1332.484375,1429.453125,1526.421875,1623.390625
J1911-1114,True,llb+96,25.136999999999997,-9.579,0.0036257456331088202,1.4003e-20,30.9665,0.0006,59042.016372000006,-28.009625000395584,0.497054899158813,False,0.20938227085680625,0.02010851781430024,-0.03696039456905083,0.027520322854756262,0.07017434189977938,0.027520322854756262,0.8769273002914558,-3.5,0.3,6,1.0,0.07,4.0,2.8,2.4,1.41,1.2,0.89,0.9,0.6,0.4,0.3,0.2,0.14,0.2,0.15,0.3,0.14,944.609375,1041.578125,1138.546875,1235.515625,1332.484375,1429.453125,1526.421875,1623.390625
J1914+0659,False,lbh+15,41.785,-1.8459999999999999,0.01851182255144,3.1e-20,225.34,0.03,59042.022638,,,True,-0.019367673480382826,0.021630616444446558,0.07083828200194994,0.07423504890506212,0.04301913636199048,0.07423504890506212,74.94418938208008,-1.31,0.11,7,0.41,0.011,0.67,0.6,0.55,0.5,0.48,0.38,0.34,0.34,0.05,0.02,0.04,0.03,0.02,0.02,0.04,0.03,944.609375,1041.578125,1138.546875,1235.515625,1332.484375,1429.453125,1526.421875,1623.390625
J1918-0642,True,eb01b,30.026999999999997,-9.123,0.007645872769642045,2.5691430000000002e-20,26.5888,0.0003,58684.019247000004,-58.71971157524967,0.11269500845626942,False,0.1916368482235164,0.02001001652158851,-0.0428478942604728,0.024887479533476687,0.04975388491550028,0.024887479533476687,0.3382684084593318,-2.06,0.12,39,1.7,0.05,3.64,3.17,2.76,2.4,1.9,1.74,1.26,1.07,0.14,0.15,0.13,0.2,0.13,0.1,0.09,0.12,944.609375,1041.578125,1138.546875,1235.515625,1332.484375,1429.453125,1526.421875,1623.390625
J1921+0137,False,san16,37.825,-5.938,0.00249637181443,1.935e-20,104.9294,0.0007,59042.034609,91.01553761920508,1.6064909607704114,False,0.495901308917169,0.022927893848343844,0.00453494368186575,0.11549230292412815,0.009877871348148591,0.11549230292412815,3.1403685284408964,-2.72,0.14,6,0.097,0.003,0.28300000000000003,0.21,0.18,0.134,0.11599999999999999,0.09300000000000001,0.077,0.06,0.012,0.013999999999999999,0.008,0.006,0.006999999999999999,0.009000000000000001,0.009000000000000001,0.008,944.609375,1041.578125,1138.546875,1235.515625,1332.484375,1429.453125,1526.421875,1623.390625
J1921+1929,False,pkr+19,53.619,2.4530000000000003,0.00264634144946923,3.8197e-20,64.7638,0.0011,59093.840313,117.99205799415348,0.7579053808354574,False,0.2864916466072184,0.02070064869622781,0.3434744194046752,0.05559623949808718,0.3441312321117737,0.05559623949808718,2.9818461885003185,-2.7,0.3,7,0.198,0.01,0.57,0.43,0.35,0.26,0.22,0.2,0.19,0.109,0.09,0.05,0.04,0.04,0.02,0.04,0.02,0.013000000000000001,944.609375,1041.578125,1138.546875,1235.515625,1332.484375,1429.453125,1526.421875,1623.390625
J1923+2515,False,lbr+13,58.946000000000005,4.749,0.0037881555206549593,9.556e-21,18.8601,0.0015,58963.161002,15.896324213906176,1.5946820123221643,False,0.16534932589902807,0.02068190200284064,-0.03142215682388522,0.04514418888499922,0.018675708764420988,0.04514418888499922,1.2816538109928306,-3.5,0.4,6,0.202,0.014,0.8,0.5,0.57,0.5,0.26,0.17,0.19,0.27,0.14,0.13,0.14,0.2,0.13,0.013999999999999999,0.06,0.09,944.609375,1041.578125,1138.546875,1235.515625,1332.484375,1429.453125,1526.421875,1623.390625
J1930+2441,False,pkr+19,59.228,3.002,0.0057674069326982,8.65e-21,69.582,0.002,59059.8066,90.73118526686186,0.7505187971986781,True,0.11726819855378676,0.022648051953178008,-0.1711746289156815,0.09709297105663252,0.11993734322926032,0.09709297105663252,10.007416099049687,-2.02,0.09,6,0.103,0.002,0.231,0.182,0.162,0.136,0.11,0.098,0.09300000000000001,0.077,0.008,0.006999999999999999,0.006999999999999999,0.004,0.003,0.004,0.006,0.006,944.609375,1041.578125,1138.546875,1235.515625,1332.484375,1429.453125,1526.421875,1623.390625
J1932+1756,False,lbh+15,53.464,-0.52,0.04183128819907799,4.3219999999999995e-19,53.16,0.02,59216.469527999994,,,True,-0.034071223463895316,0.027731867922005854,0.002712231951747189,0.1816058470599569,0.003940440611777825,0.1816058470599569,57.861211206207855,-2.3,0.2,6,0.035,0.002,0.086,0.064,0.062,0.049,0.040999999999999995,0.033,0.025,0.023,0.005,0.006,0.005,0.005,0.003,0.005,0.005,0.003,944.609375,1041.578125,1138.546875,1235.515625,1332.484375,1429.453125,1526.421875,1623.390625
J1933-6211,True,jbo+07,334.431,-28.631999999999998,0.0035434314937720004,3.909e-21,11.51476,0.00011999999999999999,58895.29405,9.722222879116636,0.34879355661561706,False,0.13110886979384012,0.02000539252226681,-0.04173528576159735,0.022374818188905733,0.08050922650264107,0.022374818188905733,0.7481507523817982,-1.7,0.4,60,0.95,0.07,1.9,1.8,1.2,0.9,1.0,1.0,0.9,0.75,0.3,0.3,0.2,0.2,0.2,0.2,0.2,0.13,944.609375,1041.578125,1138.546875,1235.515625,1332.484375,1429.453125,1526.421875,1623.390625
J1937+1658,False,pkr+19,53.236999999999995,-2.09,0.00395766764508,1.33e-20,105.8442,0.0007,59216.481503999996,-2.8216216690538163,0.5497327468640856,False,0.3880367933920037,0.021749119846256503,0.07456102205788807,0.080438612927779,0.03771723267814117,0.080438612927779,2.7961989700065635,-0.5,0.2,6,0.169,0.009,0.22,0.19,0.18,0.18,0.19,0.18,0.16,0.14,0.03,0.02,0.02,0.03,0.03,0.03,0.012,0.04,944.609375,1041.578125,1138.546875,1235.515625,1332.484375,1429.453125,1526.421875,1623.390625
J1939+2134,False,bkh+82,57.50899999999999,-0.29,0.0015578065670411839,1.0510087e-19,71.01515,2e-05,59042.077321000004,7.799627255595151,0.1541202444691815,False,0.3263394077289237,0.020000651268138558,0.008995650412037991,0.020045727173954173,0.01382836608117635,0.020045727173954173,0.004939814344772157,-3.1,0.2,6,13.9,0.5,45.0,35.0,28.0,23.0,17.0,13.7,9.9,7.7,3.0,2.0,2.0,2.0,2.0,0.9,0.8,0.9,944.609375,1041.578125,1138.546875,1235.515625,1332.484375,1429.453125,1526.421875,1623.390625
J1944+0907,False,clm+05,47.16,-7.357,0.00518520190289,4.68e-20,24.3505,0.0007,59095.847516999995,-37.821620400772346,0.6515891245726926,False,0.1093100964123741,0.020049478519589253,0.07859257494397456,0.023504577543517303,0.06553425188648927,0.023504577543517303,1.3054662272972266,-2.1,0.5,8,2.1,0.2,5.4,4.2,2.8,2.9,2.0,2.0,4.0,2.1,0.9,0.6,0.4,0.5,0.4,0.4,2.0,1.1,944.609375,1041.578125,1138.546875,1235.515625,1332.484375,1429.453125,1526.421875,1623.390625
J1944+2236,False,csl+12,58.9,-0.6629999999999999,0.0036179930781109998,7.499999999999999e-21,185.45,0.007,59059.818689,,,True,-0.006680244747262379,0.02372171796412949,-0.032015214785776167,0.12298680245570795,-0.007986925741095222,0.12298680245570795,14.655462748128604,-1.9,0.2,6,0.11,0.005,0.24,0.19,0.18,0.136,0.11800000000000001,0.11,0.091,0.08800000000000001,0.03,0.02,0.02,0.009000000000000001,0.013000000000000001,0.01,0.008,0.013000000000000001,944.609375,1041.578125,1138.546875,1235.515625,1332.484375,1429.453125,1526.421875,1623.390625
J1946-5403,True,ckr+15,343.885,-29.58,0.0027106039638995,2.7670000000000002e-21,23.7314,0.0002,59103.775348,12.8548957710212,1.6884107139429083,False,0.0505413691536826,0.020117975481637684,-0.07365498864492334,0.027559583730013885,0.06351411101545773,0.027559583730013885,0.3875546048457975,-1.2,0.4,40,0.35,0.03,0.6,0.45,0.48,0.43,0.38,0.35,0.32,0.27,0.12,0.07,0.08,0.09,0.1,0.1,0.08,0.06,944.609375,1041.578125,1138.546875,1235.515625,1332.484375,1429.453125,1526.421875,1623.390625
J1950+2414,False,kls+15,61.098,-1.169,0.004304775549739,1.89e-20,142.096,0.004,59059.848914999995,,,True,-0.02726242840482444,0.02261421903633216,0.07465848402739261,0.08976519134802947,0.01784537245860134,0.08976519134802947,7.5834099975984275,-0.93,0.09,6,0.163,0.003,0.19399999999999998,0.21899999999999997,0.19399999999999998,0.2,0.171,0.166,0.127,0.11599999999999999,0.009000000000000001,0.004,0.008,0.006999999999999999,0.005,0.006,0.009000000000000001,0.008,944.609375,1041.578125,1138.546875,1235.515625,1332.484375,1429.453125,1526.421875,1623.390625
J1955+2527,False,dfc+12,62.74,-1.571,0.004872765863,9.300000000000002e-21,209.96099999999998,0.002,58963.179274,,,True,-0.014339462605522619,0.02068300132640489,-0.07351649564574331,0.056800126862442214,0.024417377063416672,0.056800126862442214,6.682890323193513,-1.99,0.07,6,0.229,0.003,0.54,0.42,0.34,0.285,0.242,0.213,0.18899999999999997,0.174,0.03,0.02,0.02,0.013000000000000001,0.01,0.008,0.009000000000000001,0.004,944.609375,1041.578125,1138.546875,1235.515625,1332.484375,1429.453125,1526.421875,1623.390625
J1955+2908,False,bbf83,65.839,0.44299999999999995,0.0061331665155532,2.9737e-20,104.4906,0.0009,59009.034210000005,15.317824268048936,0.4963758639713795,False,0.21930388646234766,0.020239006859825787,-0.06750966079135083,0.034377739648370716,0.18757475214687847,0.034377739648370716,2.03438421409116,-1.5,0.2,6,0.98,0.03,1.61,1.57,1.36,1.22,1.05,1.02,0.86,0.74,0.12,0.1,0.12,0.1,0.07,0.1,0.07,0.06,944.609375,1041.578125,1138.546875,1235.515625,1332.484375,1429.453125,1526.421875,1623.390625
J1959+2048,False,fst88,59.196999999999996,-4.697,0.0016074016854,1.6299999999999996e-20,29.1066,0.0003,59235.535344,-68.36208132906934,0.4588819965089059,False,0.14360526508422874,0.020621744492996027,0.13435389506288278,0.04952545715020522,0.08187106516615958,0.04952545715020522,0.4082065220449108,-3.0,0.4,6,0.29,0.03,0.94,0.76,0.54,0.38,0.29,0.2,0.29,0.23,0.1,0.11,0.07,0.08,0.06,0.05,0.09,0.07,944.609375,1041.578125,1138.546875,1235.515625,1332.484375,1429.453125,1526.421875,1623.390625
J2007+2722,False,kac+10,65.71300000000001,-2.695,0.024497388522,1.014e-18,126.78200000000001,0.012,59059.836765,-231.8215304790633,0.1229252273855035,False,0.6450063830051181,0.020178309963913267,-0.040890732134866034,0.024501072855510408,0.008667141866212421,0.024501072855510408,9.02985283954137,-0.62,0.1,6,2.32,0.04,2.72,2.9,2.71,2.6,2.52,2.3,2.12,2.05,0.15,0.2,0.14,0.11,0.14,0.11,0.11,0.08,944.609375,1041.578125,1138.546875,1235.515625,1332.484375,1429.453125,1526.421875,1623.390625
J2010-1323,True,jbo+07,29.445999999999998,-23.54,0.005223271016746625,4.825e-21,22.1619,0.0002,58965.382538,-2.908113775778656,0.2412401310574097,False,0.18025612978996267,0.020023218080160853,0.026255413848820703,0.02138294971684444,0.07255629208263897,0.02138294971684444,0.3965229542722421,-1.56,0.14,41,0.7,0.02,1.34,1.05,1.03,0.87,0.7,0.73,0.61,0.55,0.07,0.04,0.06,0.05,0.05,0.06,0.07,0.05,944.609375,1041.578125,1138.546875,1235.515625,1332.484375,1429.453125,1526.421875,1623.390625
J2017+0603,False,cgj+11,48.621,-16.026,0.002896215816722975,7.9931e-21,23.9232,0.0013,59100.84737,-59.21121186072545,3.032634195179177,False,0.3340063391909902,0.020944132520838054,-0.011938988827650944,0.05179003475518255,-0.004549956565068328,0.05179003475518255,0.7109721233084852,-3.7,0.4,9,0.18,0.02,0.71,0.58,0.52,0.31,0.2,0.18,0.11,0.11,0.1,0.12,0.12,0.06,0.05,0.07,0.02,0.04,944.609375,1041.578125,1138.546875,1235.515625,1332.484375,1429.453125,1526.421875,1623.390625
J2019+2425,False,ntf93,64.74600000000001,-6.624,0.00393452408033124,7.0236e-21,17.201,0.002,58963.197982000005,-67.84890858599762,1.3738164380860922,False,0.4334042205393992,0.020597715929730743,-0.0036639087347893158,0.04503546412012272,0.005633381122014421,0.04503546412012272,3.809775692321725,-3.6,0.5,6,0.26,0.03,0.9,0.9,0.6,0.5,0.31,0.24,0.19,0.15,0.2,0.3,0.2,0.2,0.08,0.05,0.04,0.04,944.609375,1041.578125,1138.546875,1235.515625,1332.484375,1429.453125,1526.421875,1623.390625
J2033+1734,False,rtj+96,60.857,-13.154000000000002,0.0059489575403285895,1.1129999999999999e-20,25.0864,0.0012,59009.052541,-71.51596515564903,0.2821022873410767,False,0.343268839835086,0.020379727354921943,-0.03172044886637307,0.0392133972413975,0.09721149193314048,0.0392133972413975,1.8650533141587184,-2.7,0.2,8,0.277,0.009,0.78,0.64,0.53,0.4,0.3,0.264,0.19,0.23,0.09,0.08,0.04,0.04,0.02,0.011000000000000001,0.03,0.03,944.609375,1041.578125,1138.546875,1235.515625,1332.484375,1429.453125,1526.421875,1623.390625
J2039-3616,True,mess+20,6.331,-36.516999999999996,0.003275041551037,8.334e-21,23.9633,0.0005,58761.611659,-14.471493070102515,0.3767388297381321,False,0.33553240291922515,0.02002080840704878,0.01327738344432187,0.021189759655838167,0.042924649283156736,0.021189759655838167,0.9540275751291898,-2.0,0.4,40,0.5,0.04,1.0,0.79,0.8,0.9,0.9,0.54,0.34,0.32,0.2,0.14,0.2,0.2,0.2,0.1,0.05,0.07,944.609375,1041.578125,1138.546875,1235.515625,1332.484375,1429.453125,1526.421875,1623.390625
J2042+0246,False,san16,48.993,-23.016,0.0045337267023282,1.4040000000000004e-20,9.267,0.0004,59097.936139,-21.35945920216189,2.076799956530345,True,0.35912107065260984,0.02506319025617248,-0.046551082940317436,0.12478473852637985,0.015145972392352668,0.12478473852637985,3.2614800185343884,-0.9,0.6,8,0.059,0.007,0.11,0.07,0.07,0.05,0.051,0.06,0.08,0.11,0.02,0.02,0.02,0.02,0.008,0.02,0.03,0.06,944.609375,1041.578125,1138.546875,1235.515625,1332.484375,1429.453125,1526.421875,1623.390625
J2043+1711,False,hrm+11,61.919,-15.312999999999999,0.002379878923889762,5.24368e-21,20.712,0.007,59100.856664,-73.33123687383522,0.7191336380916178,False,0.6153852147129948,0.021265682032772244,-0.02039871401655538,0.06095292894825451,0.023439072067358027,0.06095292894825451,0.4267422985833708,-4.4,0.5,8,0.121,0.014,0.6,0.39,0.38,0.26,0.17,0.13,0.05,0.08,0.2,0.09,0.09,0.08,0.05,0.05,0.013000000000000001,0.02,944.609375,1041.578125,1138.546875,1235.515625,1332.484375,1429.453125,1526.421875,1623.390625
J2124-3358,True,bjb+97,10.925,-45.438,0.00493111494511384,2.0569499999999998e-20,4.5954,0.0003,58907.566928,-0.4668663731341437,0.1697224221959371,False,0.28802489563177786,0.02001850635753979,-0.01542124139050293,0.02014702068279266,0.04167285486111709,0.02014702068279266,0.5729934655764727,-2.3,0.3,39,4.7,0.2,11.0,9.0,7.7,6.3,5.3,4.7,3.9,3.3,2.0,2.0,1.2,0.8,0.6,0.5,0.4,0.3,944.609375,1041.578125,1138.546875,1235.515625,1332.484375,1429.453125,1526.421875,1623.390625
J2129-5721,True,llb+96,338.005,-43.57,0.003726348486023934,2.085363e-20,31.848,0.0004,58727.988967,22.723537133312217,0.19307629147479569,False,0.5179966416995945,0.020010902384628517,-0.24803269042449874,0.0660154213904386,0.2704200952019201,0.0660154213904386,0.546489130133373,-3.9,0.3,44,0.97,0.07,3.8,2.6,2.9,2.0,1.3,0.85,0.67,0.47,0.7,0.4,0.5,0.3,0.2,0.14,0.11,0.08,944.609375,1041.578125,1138.546875,1235.515625,1332.484375,1429.453125,1526.421875,1623.390625
J2144-5237,False,bcm+16,343.435,-47.123000000000005,0.005041453778517,9.050000000000001e-21,19.5594,0.0007,59217.666936,28.13303188513948,0.22942608918778176,False,0.4448073199305052,0.020163166676534342,0.13715544141785493,0.02262544335124677,0.12080951752636228,0.02262544335124677,2.0566236971161924,0.1,0.6,6,1.4,0.2,1.3,1.1,1.6,1.8,1.5,1.7,1.5,1.0,0.3,0.3,0.4,1.1,1.0,0.9,0.6,0.4,944.609375,1041.578125,1138.546875,1235.515625,1332.484375,1429.453125,1526.421875,1623.390625
J2145-0750,True,bhl+94,47.777,-42.083999999999996,0.01605242392107251,2.97945e-20,9.0008,0.0013,58751.94806,0.2524511718450658,0.5047990948154294,True,0.16843400484610765,0.020001008104014114,0.06698161422078858,0.02114119283710629,0.08228922464964934,0.02114119283710629,0.2809186243952836,-2.5,0.3,40,5.5,0.3,15.0,11.0,9.0,7.5,6.5,4.9,4.4,4.0,3.0,2.0,2.0,1.2,1.0,0.7,0.6,0.6,944.609375,1041.578125,1138.546875,1235.515625,1332.484375,1429.453125,1526.421875,1623.390625
J2150-0326,True,mess+20,53.573,-40.757,0.0035107028558859998,8.209999999999999e-21,20.67332,4e-05,58907.577389,7.721322441724991,0.4638234234879287,False,0.15808027668116476,0.02005556690346452,-0.008601429992887417,0.023729957608314808,0.01314414671315466,0.023729957608314808,0.5068492846805669,-1.9,0.3,34,0.48,0.03,0.99,0.8,0.65,0.66,0.7,0.47,0.33,0.35,0.11,0.12,0.08,0.09,0.1,0.1,0.06,0.06,944.609375,1041.578125,1138.546875,1235.515625,1332.484375,1429.453125,1526.421875,1623.390625
J2222-0137,True,blr+13,62.018,-46.075,0.032818,5.8e-20,3.2797,0.0005,58907.584647,1.3510422327518476,0.13315288732310876,False,0.21211554831189366,0.020005406107133663,-0.012362512313801971,0.02105905784928841,0.04549240105576583,0.02105905784928841,0.5684712337363504,-2.1,0.3,38,0.9,0.05,2.0,1.9,1.4,1.1,0.97,0.84,0.74,0.69,0.4,0.4,0.2,0.2,0.11,0.1,0.08,0.09,944.609375,1041.578125,1138.546875,1235.515625,1332.484375,1429.453125,1526.421875,1623.390625
J2229+2643,True,cam95a,87.693,-26.284000000000002,0.0029778192956900003,1.63e-21,22.7282,0.0004,59060.958973,-61.210348623013154,0.27585075165327444,False,0.1713579946189795,0.020006199214426385,0.03874067298460137,0.020465090531173128,0.06956315290161635,0.020465090531173128,0.9720361037203492,-1.7,0.4,32,0.8,0.07,1.2,1.2,2.2,1.8,1.6,1.2,0.8,0.42,0.2,0.2,0.6,0.6,0.6,0.3,0.2,0.07,944.609375,1041.578125,1138.546875,1235.515625,1332.484375,1429.453125,1526.421875,1623.390625
J2234+0611,False,dsm+13,72.991,-43.006,0.0035765816321889116,1.2014399999999999e-20,10.767,0.0002,59009.215209,3.7651238229465394,1.109619179477001,False,0.3327561953121448,0.02033455717154524,0.011836525891931977,0.03653827104579983,0.011734861457247765,0.03653827104579983,0.6131727670540019,0.5,0.9,7,0.46,0.1,0.37,0.3,0.5,0.7,0.5,0.4,0.5,0.5,0.15,0.2,0.4,0.5,0.4,0.2,0.2,0.2,944.609375,1041.578125,1138.546875,1235.515625,1332.484375,1429.453125,1526.421875,1623.390625
J2234+0944,True,rap+12,76.28,-40.438,0.0036270278952040005,2.0459e-20,17.8323,0.0002,58992.271245,-11.526894061140814,0.48265839328945503,False,0.2260804699349151,0.020008439506237628,0.058816487833664235,0.0204023437016402,0.057844601692960324,0.0204023437016402,0.5292420384475445,-2.5,0.5,33,1.9,0.2,3.8,3.2,3.1,3.6,3.2,1.8,1.3,1.1,1.1,0.9,0.9,0.9,0.7,0.4,0.3,0.2,944.609375,1041.578125,1138.546875,1235.515625,1332.484375,1429.453125,1526.421875,1623.390625
J2236-5527,True,bbb+13,334.166,-52.718999999999994,0.00690754939073,1.64e-20,20.0871,0.0003,58684.080462,18.946706119936884,0.44232357084094176,False,0.2199044678344126,0.02011271525447304,0.002444805421531682,0.030239859545540333,0.08642743433525697,0.030239859545540333,2.8185550838482136,-2.0,0.6,15,0.34,0.05,0.7,0.59,0.6,0.5,0.35,0.29,0.28,0.25,0.2,0.15,0.2,0.2,0.12,0.1,0.09,0.08,944.609375,1041.578125,1138.546875,1235.515625,1332.484375,1429.453125,1526.421875,1623.390625
J2241-5236,True,kjr+11,337.457,-54.927,0.002186699771549115,6.89637e-21,11.41126,2.9999999999999997e-05,58595.38065499999,11.971186775905368,0.2569344726536542,False,0.1385356815708318,0.02000163548697459,-0.02957489405439238,0.023428440470754205,0.05616422432100334,0.023428440470754205,0.0384821483544687,-3.2,0.2,47,1.83,0.07,5.8,5.0,3.8,2.9,2.2,1.7,1.38,1.12,0.9,0.8,0.5,0.3,0.2,0.15,0.1,0.09,944.609375,1041.578125,1138.546875,1235.515625,1332.484375,1429.453125,1526.421875,1623.390625
J2317+1439,True,cnt93,91.361,-42.36,0.00344525107222,2.43e-21,21.8989,0.0002,59087.90486,-9.793970618244687,0.4463417788696279,False,0.3004809213892223,0.020039678358519955,0.07189480531542145,0.0221479335604422,0.059936381411731236,0.0221479335604422,0.6173515734515238,-2.5,0.4,32,0.6,0.06,1.6,1.2,0.98,1.0,0.59,0.49,0.52,0.6,0.2,0.2,0.14,0.2,0.11,0.09,0.11,0.2,944.609375,1041.578125,1138.546875,1235.515625,1332.484375,1429.453125,1526.421875,1623.390625
J2322+2057,True,ntf93,96.515,-37.31,0.0048084282894640005,9.66e-21,13.3833,0.0004,59060.978783000006,-29.20686852975109,1.6142973890197827,False,0.10285256765666907,0.02006157910931207,-0.011763138131433743,0.023535380843346342,0.04585401024230152,0.023535380843346342,2.005260458998112,-2.1,0.4,25,0.34,0.03,0.63,0.67,0.68,0.6,0.4,0.31,0.25,0.24,0.12,0.14,0.15,0.2,0.09,0.05,0.05,0.04,944.609375,1041.578125,1138.546875,1235.515625,1332.484375,1429.453125,1526.421875,1623.390625
J2322-2650,True,sbb+18,28.636999999999997,-70.22800000000001,0.00346309917908784,5.848e-22,6.1490599999999995,0.00013000000000000002,58750.946363999996,8.844460500912474,0.3030861160556665,False,0.22764072031569715,0.02012388991527615,-0.006151867618876805,0.027081565612673376,0.0006088023697742118,0.027081565612673376,1.2502112953889426,-1.4,0.3,36,0.212,0.009,0.33,0.33,0.3,0.26,0.23,0.21,0.18,0.17,0.06,0.06,0.05,0.03,0.03,0.02,0.02,0.013999999999999999,944.609375,1041.578125,1138.546875,1235.515625,1332.484375,1429.453125,1526.421875,1623.390625
